g,river,region_id,region_name,flower_png
1,CHETICAMP_RIVER,1,CHETICAMP_RIVER,tempdata/flower_CHETICAMP_RIVER.png
1,CHETICAMP_RIVER,1,CHETICAMP_RIVER,tempdata/flower_CHETICAMP_RIVER.png
1,CHETICAMP_RIVER,1,CHETICAMP_RIVER,tempdata/flower_CHETICAMP_RIVER.png
1,CHETICAMP_RIVER,1,CHETICAMP_RIVER,tempdata/flower_CHETICAMP_RIVER.png
1,CHETICAMP_RIVER,1,CHETICAMP_RIVER,tempdata/flower_CHETICAMP_RIVER.png
1,CHETICAMP_RIVER,1,CHETICAMP_RIVER,tempdata/flower_CHETICAMP_RIVER.png
1,CHETICAMP_RIVER,1,CHETICAMP_RIVER,tempdata/flower_CHETICAMP_RIVER.png
1,CHETICAMP_RIVER,1,CHETICAMP_RIVER,tempdata/flower_CHETICAMP_RIVER.png
1,CHETICAMP_RIVER,1,CHETICAMP_RIVER,tempdata/flower_CHETICAMP_RIVER.png
1,CHETICAMP_RIVER,1,CHETICAMP_RIVER,tempdata/flower_CHETICAMP_RIVER.png
1,CHETICAMP_RIVER,1,CHETICAMP_RIVER,tempdata/flower_CHETICAMP_RIVER.png
1,CHETICAMP_RIVER,1,CHETICAMP_RIVER,tempdata/flower_CHETICAMP_RIVER.png
1,CHETICAMP_RIVER,1,CHETICAMP_RIVER,tempdata/flower_CHETICAMP_RIVER.png
1,CHETICAMP_RIVER,1,CHETICAMP_RIVER,tempdata/flower_CHETICAMP_RIVER.png
1,CHETICAMP_RIVER,1,CHETICAMP_RIVER,tempdata/flower_CHETICAMP_RIVER.png
1,CHETICAMP_RIVER,1,CHETICAMP_RIVER,tempdata/flower_CHETICAMP_RIVER.png
1,CHETICAMP_RIVER,1,CHETICAMP_RIVER,tempdata/flower_CHETICAMP_RIVER.png
1,CHETICAMP_RIVER,1,CHETICAMP_RIVER,tempdata/flower_CHETICAMP_RIVER.png
1,CHETICAMP_RIVER,1,CHETICAMP_RIVER,tempdata/flower_CHETICAMP_RIVER.png
1,CHETICAMP_RIVER,1,CHETICAMP_RIVER,tempdata/flower_CHETICAMP_RIVER.png
1,CHETICAMP_RIVER,1,CHETICAMP_RIVER,tempdata/flower_CHETICAMP_RIVER.png
1,CHETICAMP_RIVER,1,CHETICAMP_RIVER,tempdata/flower_CHETICAMP_RIVER.png
1,CHETICAMP_RIVER,1,CHETICAMP_RIVER,tempdata/flower_CHETICAMP_RIVER.png
2,WRECK_COVE,2,WRECK_COVE,tempdata/flower_WRECK_COVE.png
2,WRECK_COVE,2,WRECK_COVE,tempdata/flower_WRECK_COVE.png
2,WRECK_COVE,2,WRECK_COVE,tempdata/flower_WRECK_COVE.png
2,WRECK_COVE,2,WRECK_COVE,tempdata/flower_WRECK_COVE.png
2,WRECK_COVE,2,WRECK_COVE,tempdata/flower_WRECK_COVE.png
2,WRECK_COVE,2,WRECK_COVE,tempdata/flower_WRECK_COVE.png
2,WRECK_COVE,2,WRECK_COVE,tempdata/flower_WRECK_COVE.png
2,WRECK_COVE,2,WRECK_COVE,tempdata/flower_WRECK_COVE.png
2,WRECK_COVE,2,WRECK_COVE,tempdata/flower_WRECK_COVE.png
2,WRECK_COVE,2,WRECK_COVE,tempdata/flower_WRECK_COVE.png
2,WRECK_COVE,2,WRECK_COVE,tempdata/flower_WRECK_COVE.png
2,WRECK_COVE,2,WRECK_COVE,tempdata/flower_WRECK_COVE.png
2,WRECK_COVE,2,WRECK_COVE,tempdata/flower_WRECK_COVE.png
2,WRECK_COVE,2,WRECK_COVE,tempdata/flower_WRECK_COVE.png
2,WRECK_COVE,2,WRECK_COVE,tempdata/flower_WRECK_COVE.png
2,WRECK_COVE,2,WRECK_COVE,tempdata/flower_WRECK_COVE.png
2,WRECK_COVE,2,WRECK_COVE,tempdata/flower_WRECK_COVE.png
2,WRECK_COVE,2,WRECK_COVE,tempdata/flower_WRECK_COVE.png
2,WRECK_COVE,2,WRECK_COVE,tempdata/flower_WRECK_COVE.png
2,WRECK_COVE,2,WRECK_COVE,tempdata/flower_WRECK_COVE.png
2,WRECK_COVE,2,WRECK_COVE,tempdata/flower_WRECK_COVE.png
2,WRECK_COVE,2,WRECK_COVE,tempdata/flower_WRECK_COVE.png
2,WRECK_COVE,2,WRECK_COVE,tempdata/flower_WRECK_COVE.png
3,MARGAREE,3,MARGAREE,tempdata/flower_MARGAREE.png
3,MARGAREE,3,MARGAREE,tempdata/flower_MARGAREE.png
3,MARGAREE,3,MARGAREE,tempdata/flower_MARGAREE.png
3,MARGAREE,3,MARGAREE,tempdata/flower_MARGAREE.png
3,MARGAREE,3,MARGAREE,tempdata/flower_MARGAREE.png
3,MARGAREE,3,MARGAREE,tempdata/flower_MARGAREE.png
3,MARGAREE,3,MARGAREE,tempdata/flower_MARGAREE.png
3,MARGAREE,3,MARGAREE,tempdata/flower_MARGAREE.png
3,MARGAREE,3,MARGAREE,tempdata/flower_MARGAREE.png
3,MARGAREE,3,MARGAREE,tempdata/flower_MARGAREE.png
3,MARGAREE,3,MARGAREE,tempdata/flower_MARGAREE.png
3,MARGAREE,3,MARGAREE,tempdata/flower_MARGAREE.png
3,MARGAREE,3,MARGAREE,tempdata/flower_MARGAREE.png
3,MARGAREE,3,MARGAREE,tempdata/flower_MARGAREE.png
3,MARGAREE,3,MARGAREE,tempdata/flower_MARGAREE.png
3,MARGAREE,3,MARGAREE,tempdata/flower_MARGAREE.png
3,MARGAREE,3,MARGAREE,tempdata/flower_MARGAREE.png
3,MARGAREE,3,MARGAREE,tempdata/flower_MARGAREE.png
3,MARGAREE,3,MARGAREE,tempdata/flower_MARGAREE.png
3,MARGAREE,3,MARGAREE,tempdata/flower_MARGAREE.png
3,MARGAREE,3,MARGAREE,tempdata/flower_MARGAREE.png
3,MARGAREE,3,MARGAREE,tempdata/flower_MARGAREE.png
3,MARGAREE,3,MARGAREE,tempdata/flower_MARGAREE.png
4,INDIAN,4,INDIAN,tempdata/flower_INDIAN.png
4,INDIAN,4,INDIAN,tempdata/flower_INDIAN.png
4,INDIAN,4,INDIAN,tempdata/flower_INDIAN.png
4,INDIAN,4,INDIAN,tempdata/flower_INDIAN.png
4,INDIAN,4,INDIAN,tempdata/flower_INDIAN.png
4,INDIAN,4,INDIAN,tempdata/flower_INDIAN.png
4,INDIAN,4,INDIAN,tempdata/flower_INDIAN.png
4,INDIAN,4,INDIAN,tempdata/flower_INDIAN.png
4,INDIAN,4,INDIAN,tempdata/flower_INDIAN.png
4,INDIAN,4,INDIAN,tempdata/flower_INDIAN.png
4,INDIAN,4,INDIAN,tempdata/flower_INDIAN.png
4,INDIAN,4,INDIAN,tempdata/flower_INDIAN.png
4,INDIAN,4,INDIAN,tempdata/flower_INDIAN.png
4,INDIAN,4,INDIAN,tempdata/flower_INDIAN.png
4,INDIAN,4,INDIAN,tempdata/flower_INDIAN.png
4,INDIAN,4,INDIAN,tempdata/flower_INDIAN.png
4,INDIAN,4,INDIAN,tempdata/flower_INDIAN.png
4,INDIAN,4,INDIAN,tempdata/flower_INDIAN.png
4,INDIAN,4,INDIAN,tempdata/flower_INDIAN.png
4,INDIAN,4,INDIAN,tempdata/flower_INDIAN.png
4,INDIAN,4,INDIAN,tempdata/flower_INDIAN.png
4,INDIAN,4,INDIAN,tempdata/flower_INDIAN.png
4,INDIAN,4,INDIAN,tempdata/flower_INDIAN.png
5,NORTH_BADDECK.MIDDLE,5,NORTH_BADDECK.MIDDLE,tempdata/flower_NORTH_BADDECK.MIDDLE.png
5,NORTH_BADDECK.MIDDLE,5,NORTH_BADDECK.MIDDLE,tempdata/flower_NORTH_BADDECK.MIDDLE.png
5,NORTH_BADDECK.MIDDLE,5,NORTH_BADDECK.MIDDLE,tempdata/flower_NORTH_BADDECK.MIDDLE.png
5,NORTH_BADDECK.MIDDLE,5,NORTH_BADDECK.MIDDLE,tempdata/flower_NORTH_BADDECK.MIDDLE.png
5,NORTH_BADDECK.MIDDLE,5,NORTH_BADDECK.MIDDLE,tempdata/flower_NORTH_BADDECK.MIDDLE.png
5,NORTH_BADDECK.MIDDLE,5,NORTH_BADDECK.MIDDLE,tempdata/flower_NORTH_BADDECK.MIDDLE.png
5,NORTH_BADDECK.MIDDLE,5,NORTH_BADDECK.MIDDLE,tempdata/flower_NORTH_BADDECK.MIDDLE.png
5,NORTH_BADDECK.MIDDLE,5,NORTH_BADDECK.MIDDLE,tempdata/flower_NORTH_BADDECK.MIDDLE.png
5,NORTH_BADDECK.MIDDLE,5,NORTH_BADDECK.MIDDLE,tempdata/flower_NORTH_BADDECK.MIDDLE.png
5,NORTH_BADDECK.MIDDLE,5,NORTH_BADDECK.MIDDLE,tempdata/flower_NORTH_BADDECK.MIDDLE.png
5,NORTH_BADDECK.MIDDLE,5,NORTH_BADDECK.MIDDLE,tempdata/flower_NORTH_BADDECK.MIDDLE.png
5,NORTH_BADDECK.MIDDLE,5,NORTH_BADDECK.MIDDLE,tempdata/flower_NORTH_BADDECK.MIDDLE.png
5,NORTH_BADDECK.MIDDLE,5,NORTH_BADDECK.MIDDLE,tempdata/flower_NORTH_BADDECK.MIDDLE.png
5,NORTH_BADDECK.MIDDLE,5,NORTH_BADDECK.MIDDLE,tempdata/flower_NORTH_BADDECK.MIDDLE.png
5,NORTH_BADDECK.MIDDLE,5,NORTH_BADDECK.MIDDLE,tempdata/flower_NORTH_BADDECK.MIDDLE.png
5,NORTH_BADDECK.MIDDLE,5,NORTH_BADDECK.MIDDLE,tempdata/flower_NORTH_BADDECK.MIDDLE.png
5,NORTH_BADDECK.MIDDLE,5,NORTH_BADDECK.MIDDLE,tempdata/flower_NORTH_BADDECK.MIDDLE.png
5,NORTH_BADDECK.MIDDLE,5,NORTH_BADDECK.MIDDLE,tempdata/flower_NORTH_BADDECK.MIDDLE.png
5,NORTH_BADDECK.MIDDLE,5,NORTH_BADDECK.MIDDLE,tempdata/flower_NORTH_BADDECK.MIDDLE.png
5,NORTH_BADDECK.MIDDLE,5,NORTH_BADDECK.MIDDLE,tempdata/flower_NORTH_BADDECK.MIDDLE.png
5,NORTH_BADDECK.MIDDLE,5,NORTH_BADDECK.MIDDLE,tempdata/flower_NORTH_BADDECK.MIDDLE.png
5,NORTH_BADDECK.MIDDLE,5,NORTH_BADDECK.MIDDLE,tempdata/flower_NORTH_BADDECK.MIDDLE.png
5,NORTH_BADDECK.MIDDLE,5,NORTH_BADDECK.MIDDLE,tempdata/flower_NORTH_BADDECK.MIDDLE.png
6,SALMON_MIRA,6,SALMON_MIRA,tempdata/flower_SALMON_MIRA.png
6,SALMON_MIRA,6,SALMON_MIRA,tempdata/flower_SALMON_MIRA.png
6,SALMON_MIRA,6,SALMON_MIRA,tempdata/flower_SALMON_MIRA.png
6,SALMON_MIRA,6,SALMON_MIRA,tempdata/flower_SALMON_MIRA.png
6,SALMON_MIRA,6,SALMON_MIRA,tempdata/flower_SALMON_MIRA.png
6,SALMON_MIRA,6,SALMON_MIRA,tempdata/flower_SALMON_MIRA.png
6,SALMON_MIRA,6,SALMON_MIRA,tempdata/flower_SALMON_MIRA.png
6,SALMON_MIRA,6,SALMON_MIRA,tempdata/flower_SALMON_MIRA.png
6,SALMON_MIRA,6,SALMON_MIRA,tempdata/flower_SALMON_MIRA.png
6,SALMON_MIRA,6,SALMON_MIRA,tempdata/flower_SALMON_MIRA.png
6,SALMON_MIRA,6,SALMON_MIRA,tempdata/flower_SALMON_MIRA.png
6,SALMON_MIRA,6,SALMON_MIRA,tempdata/flower_SALMON_MIRA.png
6,SALMON_MIRA,6,SALMON_MIRA,tempdata/flower_SALMON_MIRA.png
6,SALMON_MIRA,6,SALMON_MIRA,tempdata/flower_SALMON_MIRA.png
6,SALMON_MIRA,6,SALMON_MIRA,tempdata/flower_SALMON_MIRA.png
6,SALMON_MIRA,6,SALMON_MIRA,tempdata/flower_SALMON_MIRA.png
6,SALMON_MIRA,6,SALMON_MIRA,tempdata/flower_SALMON_MIRA.png
6,SALMON_MIRA,6,SALMON_MIRA,tempdata/flower_SALMON_MIRA.png
6,SALMON_MIRA,6,SALMON_MIRA,tempdata/flower_SALMON_MIRA.png
6,SALMON_MIRA,6,SALMON_MIRA,tempdata/flower_SALMON_MIRA.png
6,SALMON_MIRA,6,SALMON_MIRA,tempdata/flower_SALMON_MIRA.png
6,SALMON_MIRA,6,SALMON_MIRA,tempdata/flower_SALMON_MIRA.png
6,SALMON_MIRA,6,SALMON_MIRA,tempdata/flower_SALMON_MIRA.png
7,SALMON_MIRA.1,7,SALMON_MIRA.1,tempdata/flower_SALMON_MIRA.1.png
7,SALMON_MIRA.1,7,SALMON_MIRA.1,tempdata/flower_SALMON_MIRA.1.png
7,SALMON_MIRA.1,7,SALMON_MIRA.1,tempdata/flower_SALMON_MIRA.1.png
7,SALMON_MIRA.1,7,SALMON_MIRA.1,tempdata/flower_SALMON_MIRA.1.png
7,SALMON_MIRA.1,7,SALMON_MIRA.1,tempdata/flower_SALMON_MIRA.1.png
7,SALMON_MIRA.1,7,SALMON_MIRA.1,tempdata/flower_SALMON_MIRA.1.png
7,SALMON_MIRA.1,7,SALMON_MIRA.1,tempdata/flower_SALMON_MIRA.1.png
7,SALMON_MIRA.1,7,SALMON_MIRA.1,tempdata/flower_SALMON_MIRA.1.png
7,SALMON_MIRA.1,7,SALMON_MIRA.1,tempdata/flower_SALMON_MIRA.1.png
7,SALMON_MIRA.1,7,SALMON_MIRA.1,tempdata/flower_SALMON_MIRA.1.png
7,SALMON_MIRA.1,7,SALMON_MIRA.1,tempdata/flower_SALMON_MIRA.1.png
7,SALMON_MIRA.1,7,SALMON_MIRA.1,tempdata/flower_SALMON_MIRA.1.png
7,SALMON_MIRA.1,7,SALMON_MIRA.1,tempdata/flower_SALMON_MIRA.1.png
7,SALMON_MIRA.1,7,SALMON_MIRA.1,tempdata/flower_SALMON_MIRA.1.png
7,SALMON_MIRA.1,7,SALMON_MIRA.1,tempdata/flower_SALMON_MIRA.1.png
7,SALMON_MIRA.1,7,SALMON_MIRA.1,tempdata/flower_SALMON_MIRA.1.png
7,SALMON_MIRA.1,7,SALMON_MIRA.1,tempdata/flower_SALMON_MIRA.1.png
7,SALMON_MIRA.1,7,SALMON_MIRA.1,tempdata/flower_SALMON_MIRA.1.png
7,SALMON_MIRA.1,7,SALMON_MIRA.1,tempdata/flower_SALMON_MIRA.1.png
7,SALMON_MIRA.1,7,SALMON_MIRA.1,tempdata/flower_SALMON_MIRA.1.png
7,SALMON_MIRA.1,7,SALMON_MIRA.1,tempdata/flower_SALMON_MIRA.1.png
7,SALMON_MIRA.1,7,SALMON_MIRA.1,tempdata/flower_SALMON_MIRA.1.png
7,SALMON_MIRA.1,7,SALMON_MIRA.1,tempdata/flower_SALMON_MIRA.1.png
8,RIVER_INHABITANTS,8,RIVER_INHABITANTS,tempdata/flower_RIVER_INHABITANTS.png
8,RIVER_INHABITANTS,8,RIVER_INHABITANTS,tempdata/flower_RIVER_INHABITANTS.png
8,RIVER_INHABITANTS,8,RIVER_INHABITANTS,tempdata/flower_RIVER_INHABITANTS.png
8,RIVER_INHABITANTS,8,RIVER_INHABITANTS,tempdata/flower_RIVER_INHABITANTS.png
8,RIVER_INHABITANTS,8,RIVER_INHABITANTS,tempdata/flower_RIVER_INHABITANTS.png
8,RIVER_INHABITANTS,8,RIVER_INHABITANTS,tempdata/flower_RIVER_INHABITANTS.png
8,RIVER_INHABITANTS,8,RIVER_INHABITANTS,tempdata/flower_RIVER_INHABITANTS.png
8,RIVER_INHABITANTS,8,RIVER_INHABITANTS,tempdata/flower_RIVER_INHABITANTS.png
8,RIVER_INHABITANTS,8,RIVER_INHABITANTS,tempdata/flower_RIVER_INHABITANTS.png
8,RIVER_INHABITANTS,8,RIVER_INHABITANTS,tempdata/flower_RIVER_INHABITANTS.png
8,RIVER_INHABITANTS,8,RIVER_INHABITANTS,tempdata/flower_RIVER_INHABITANTS.png
8,RIVER_INHABITANTS,8,RIVER_INHABITANTS,tempdata/flower_RIVER_INHABITANTS.png
8,RIVER_INHABITANTS,8,RIVER_INHABITANTS,tempdata/flower_RIVER_INHABITANTS.png
8,RIVER_INHABITANTS,8,RIVER_INHABITANTS,tempdata/flower_RIVER_INHABITANTS.png
8,RIVER_INHABITANTS,8,RIVER_INHABITANTS,tempdata/flower_RIVER_INHABITANTS.png
8,RIVER_INHABITANTS,8,RIVER_INHABITANTS,tempdata/flower_RIVER_INHABITANTS.png
8,RIVER_INHABITANTS,8,RIVER_INHABITANTS,tempdata/flower_RIVER_INHABITANTS.png
8,RIVER_INHABITANTS,8,RIVER_INHABITANTS,tempdata/flower_RIVER_INHABITANTS.png
8,RIVER_INHABITANTS,8,RIVER_INHABITANTS,tempdata/flower_RIVER_INHABITANTS.png
8,RIVER_INHABITANTS,8,RIVER_INHABITANTS,tempdata/flower_RIVER_INHABITANTS.png
8,RIVER_INHABITANTS,8,RIVER_INHABITANTS,tempdata/flower_RIVER_INHABITANTS.png
8,RIVER_INHABITANTS,8,RIVER_INHABITANTS,tempdata/flower_RIVER_INHABITANTS.png
8,RIVER_INHABITANTS,8,RIVER_INHABITANTS,tempdata/flower_RIVER_INHABITANTS.png
9,RIVER_DENYS.BIG,9,RIVER_DENYS.BIG,tempdata/flower_RIVER_DENYS.BIG.png
9,RIVER_DENYS.BIG,9,RIVER_DENYS.BIG,tempdata/flower_RIVER_DENYS.BIG.png
9,RIVER_DENYS.BIG,9,RIVER_DENYS.BIG,tempdata/flower_RIVER_DENYS.BIG.png
9,RIVER_DENYS.BIG,9,RIVER_DENYS.BIG,tempdata/flower_RIVER_DENYS.BIG.png
9,RIVER_DENYS.BIG,9,RIVER_DENYS.BIG,tempdata/flower_RIVER_DENYS.BIG.png
9,RIVER_DENYS.BIG,9,RIVER_DENYS.BIG,tempdata/flower_RIVER_DENYS.BIG.png
9,RIVER_DENYS.BIG,9,RIVER_DENYS.BIG,tempdata/flower_RIVER_DENYS.BIG.png
9,RIVER_DENYS.BIG,9,RIVER_DENYS.BIG,tempdata/flower_RIVER_DENYS.BIG.png
9,RIVER_DENYS.BIG,9,RIVER_DENYS.BIG,tempdata/flower_RIVER_DENYS.BIG.png
9,RIVER_DENYS.BIG,9,RIVER_DENYS.BIG,tempdata/flower_RIVER_DENYS.BIG.png
9,RIVER_DENYS.BIG,9,RIVER_DENYS.BIG,tempdata/flower_RIVER_DENYS.BIG.png
9,RIVER_DENYS.BIG,9,RIVER_DENYS.BIG,tempdata/flower_RIVER_DENYS.BIG.png
9,RIVER_DENYS.BIG,9,RIVER_DENYS.BIG,tempdata/flower_RIVER_DENYS.BIG.png
9,RIVER_DENYS.BIG,9,RIVER_DENYS.BIG,tempdata/flower_RIVER_DENYS.BIG.png
9,RIVER_DENYS.BIG,9,RIVER_DENYS.BIG,tempdata/flower_RIVER_DENYS.BIG.png
9,RIVER_DENYS.BIG,9,RIVER_DENYS.BIG,tempdata/flower_RIVER_DENYS.BIG.png
9,RIVER_DENYS.BIG,9,RIVER_DENYS.BIG,tempdata/flower_RIVER_DENYS.BIG.png
9,RIVER_DENYS.BIG,9,RIVER_DENYS.BIG,tempdata/flower_RIVER_DENYS.BIG.png
9,RIVER_DENYS.BIG,9,RIVER_DENYS.BIG,tempdata/flower_RIVER_DENYS.BIG.png
9,RIVER_DENYS.BIG,9,RIVER_DENYS.BIG,tempdata/flower_RIVER_DENYS.BIG.png
9,RIVER_DENYS.BIG,9,RIVER_DENYS.BIG,tempdata/flower_RIVER_DENYS.BIG.png
9,RIVER_DENYS.BIG,9,RIVER_DENYS.BIG,tempdata/flower_RIVER_DENYS.BIG.png
9,RIVER_DENYS.BIG,9,RIVER_DENYS.BIG,tempdata/flower_RIVER_DENYS.BIG.png
10,TIDNISH_SHINIMICAS,10,TIDNISH_SHINIMICAS,tempdata/flower_TIDNISH_SHINIMICAS.png
10,TIDNISH_SHINIMICAS,10,TIDNISH_SHINIMICAS,tempdata/flower_TIDNISH_SHINIMICAS.png
10,TIDNISH_SHINIMICAS,10,TIDNISH_SHINIMICAS,tempdata/flower_TIDNISH_SHINIMICAS.png
10,TIDNISH_SHINIMICAS,10,TIDNISH_SHINIMICAS,tempdata/flower_TIDNISH_SHINIMICAS.png
10,TIDNISH_SHINIMICAS,10,TIDNISH_SHINIMICAS,tempdata/flower_TIDNISH_SHINIMICAS.png
10,TIDNISH_SHINIMICAS,10,TIDNISH_SHINIMICAS,tempdata/flower_TIDNISH_SHINIMICAS.png
10,TIDNISH_SHINIMICAS,10,TIDNISH_SHINIMICAS,tempdata/flower_TIDNISH_SHINIMICAS.png
10,TIDNISH_SHINIMICAS,10,TIDNISH_SHINIMICAS,tempdata/flower_TIDNISH_SHINIMICAS.png
10,TIDNISH_SHINIMICAS,10,TIDNISH_SHINIMICAS,tempdata/flower_TIDNISH_SHINIMICAS.png
10,TIDNISH_SHINIMICAS,10,TIDNISH_SHINIMICAS,tempdata/flower_TIDNISH_SHINIMICAS.png
10,TIDNISH_SHINIMICAS,10,TIDNISH_SHINIMICAS,tempdata/flower_TIDNISH_SHINIMICAS.png
10,TIDNISH_SHINIMICAS,10,TIDNISH_SHINIMICAS,tempdata/flower_TIDNISH_SHINIMICAS.png
10,TIDNISH_SHINIMICAS,10,TIDNISH_SHINIMICAS,tempdata/flower_TIDNISH_SHINIMICAS.png
10,TIDNISH_SHINIMICAS,10,TIDNISH_SHINIMICAS,tempdata/flower_TIDNISH_SHINIMICAS.png
10,TIDNISH_SHINIMICAS,10,TIDNISH_SHINIMICAS,tempdata/flower_TIDNISH_SHINIMICAS.png
10,TIDNISH_SHINIMICAS,10,TIDNISH_SHINIMICAS,tempdata/flower_TIDNISH_SHINIMICAS.png
10,TIDNISH_SHINIMICAS,10,TIDNISH_SHINIMICAS,tempdata/flower_TIDNISH_SHINIMICAS.png
10,TIDNISH_SHINIMICAS,10,TIDNISH_SHINIMICAS,tempdata/flower_TIDNISH_SHINIMICAS.png
10,TIDNISH_SHINIMICAS,10,TIDNISH_SHINIMICAS,tempdata/flower_TIDNISH_SHINIMICAS.png
10,TIDNISH_SHINIMICAS,10,TIDNISH_SHINIMICAS,tempdata/flower_TIDNISH_SHINIMICAS.png
10,TIDNISH_SHINIMICAS,10,TIDNISH_SHINIMICAS,tempdata/flower_TIDNISH_SHINIMICAS.png
10,TIDNISH_SHINIMICAS,10,TIDNISH_SHINIMICAS,tempdata/flower_TIDNISH_SHINIMICAS.png
10,TIDNISH_SHINIMICAS,10,TIDNISH_SHINIMICAS,tempdata/flower_TIDNISH_SHINIMICAS.png
11,MISSAGUASH,11,MISSAGUASH,tempdata/flower_MISSAGUASH.png
11,MISSAGUASH,11,MISSAGUASH,tempdata/flower_MISSAGUASH.png
11,MISSAGUASH,11,MISSAGUASH,tempdata/flower_MISSAGUASH.png
11,MISSAGUASH,11,MISSAGUASH,tempdata/flower_MISSAGUASH.png
11,MISSAGUASH,11,MISSAGUASH,tempdata/flower_MISSAGUASH.png
11,MISSAGUASH,11,MISSAGUASH,tempdata/flower_MISSAGUASH.png
11,MISSAGUASH,11,MISSAGUASH,tempdata/flower_MISSAGUASH.png
11,MISSAGUASH,11,MISSAGUASH,tempdata/flower_MISSAGUASH.png
11,MISSAGUASH,11,MISSAGUASH,tempdata/flower_MISSAGUASH.png
11,MISSAGUASH,11,MISSAGUASH,tempdata/flower_MISSAGUASH.png
11,MISSAGUASH,11,MISSAGUASH,tempdata/flower_MISSAGUASH.png
11,MISSAGUASH,11,MISSAGUASH,tempdata/flower_MISSAGUASH.png
11,MISSAGUASH,11,MISSAGUASH,tempdata/flower_MISSAGUASH.png
11,MISSAGUASH,11,MISSAGUASH,tempdata/flower_MISSAGUASH.png
11,MISSAGUASH,11,MISSAGUASH,tempdata/flower_MISSAGUASH.png
11,MISSAGUASH,11,MISSAGUASH,tempdata/flower_MISSAGUASH.png
11,MISSAGUASH,11,MISSAGUASH,tempdata/flower_MISSAGUASH.png
11,MISSAGUASH,11,MISSAGUASH,tempdata/flower_MISSAGUASH.png
11,MISSAGUASH,11,MISSAGUASH,tempdata/flower_MISSAGUASH.png
11,MISSAGUASH,11,MISSAGUASH,tempdata/flower_MISSAGUASH.png
11,MISSAGUASH,11,MISSAGUASH,tempdata/flower_MISSAGUASH.png
11,MISSAGUASH,11,MISSAGUASH,tempdata/flower_MISSAGUASH.png
11,MISSAGUASH,11,MISSAGUASH,tempdata/flower_MISSAGUASH.png
12,PHILIP_WALLACE,12,PHILIP_WALLACE,tempdata/flower_PHILIP_WALLACE.png
12,PHILIP_WALLACE,12,PHILIP_WALLACE,tempdata/flower_PHILIP_WALLACE.png
12,PHILIP_WALLACE,12,PHILIP_WALLACE,tempdata/flower_PHILIP_WALLACE.png
12,PHILIP_WALLACE,12,PHILIP_WALLACE,tempdata/flower_PHILIP_WALLACE.png
12,PHILIP_WALLACE,12,PHILIP_WALLACE,tempdata/flower_PHILIP_WALLACE.png
12,PHILIP_WALLACE,12,PHILIP_WALLACE,tempdata/flower_PHILIP_WALLACE.png
12,PHILIP_WALLACE,12,PHILIP_WALLACE,tempdata/flower_PHILIP_WALLACE.png
12,PHILIP_WALLACE,12,PHILIP_WALLACE,tempdata/flower_PHILIP_WALLACE.png
12,PHILIP_WALLACE,12,PHILIP_WALLACE,tempdata/flower_PHILIP_WALLACE.png
12,PHILIP_WALLACE,12,PHILIP_WALLACE,tempdata/flower_PHILIP_WALLACE.png
12,PHILIP_WALLACE,12,PHILIP_WALLACE,tempdata/flower_PHILIP_WALLACE.png
12,PHILIP_WALLACE,12,PHILIP_WALLACE,tempdata/flower_PHILIP_WALLACE.png
12,PHILIP_WALLACE,12,PHILIP_WALLACE,tempdata/flower_PHILIP_WALLACE.png
12,PHILIP_WALLACE,12,PHILIP_WALLACE,tempdata/flower_PHILIP_WALLACE.png
12,PHILIP_WALLACE,12,PHILIP_WALLACE,tempdata/flower_PHILIP_WALLACE.png
12,PHILIP_WALLACE,12,PHILIP_WALLACE,tempdata/flower_PHILIP_WALLACE.png
12,PHILIP_WALLACE,12,PHILIP_WALLACE,tempdata/flower_PHILIP_WALLACE.png
12,PHILIP_WALLACE,12,PHILIP_WALLACE,tempdata/flower_PHILIP_WALLACE.png
12,PHILIP_WALLACE,12,PHILIP_WALLACE,tempdata/flower_PHILIP_WALLACE.png
12,PHILIP_WALLACE,12,PHILIP_WALLACE,tempdata/flower_PHILIP_WALLACE.png
12,PHILIP_WALLACE,12,PHILIP_WALLACE,tempdata/flower_PHILIP_WALLACE.png
12,PHILIP_WALLACE,12,PHILIP_WALLACE,tempdata/flower_PHILIP_WALLACE.png
12,PHILIP_WALLACE,12,PHILIP_WALLACE,tempdata/flower_PHILIP_WALLACE.png
13,GRAND,13,GRAND,tempdata/flower_GRAND.png
13,GRAND,13,GRAND,tempdata/flower_GRAND.png
13,GRAND,13,GRAND,tempdata/flower_GRAND.png
13,GRAND,13,GRAND,tempdata/flower_GRAND.png
13,GRAND,13,GRAND,tempdata/flower_GRAND.png
13,GRAND,13,GRAND,tempdata/flower_GRAND.png
13,GRAND,13,GRAND,tempdata/flower_GRAND.png
13,GRAND,13,GRAND,tempdata/flower_GRAND.png
13,GRAND,13,GRAND,tempdata/flower_GRAND.png
13,GRAND,13,GRAND,tempdata/flower_GRAND.png
13,GRAND,13,GRAND,tempdata/flower_GRAND.png
13,GRAND,13,GRAND,tempdata/flower_GRAND.png
13,GRAND,13,GRAND,tempdata/flower_GRAND.png
13,GRAND,13,GRAND,tempdata/flower_GRAND.png
13,GRAND,13,GRAND,tempdata/flower_GRAND.png
13,GRAND,13,GRAND,tempdata/flower_GRAND.png
13,GRAND,13,GRAND,tempdata/flower_GRAND.png
13,GRAND,13,GRAND,tempdata/flower_GRAND.png
13,GRAND,13,GRAND,tempdata/flower_GRAND.png
13,GRAND,13,GRAND,tempdata/flower_GRAND.png
13,GRAND,13,GRAND,tempdata/flower_GRAND.png
13,GRAND,13,GRAND,tempdata/flower_GRAND.png
13,GRAND,13,GRAND,tempdata/flower_GRAND.png
14,KELLY_MACCAN.HEBERT,14,KELLY_MACCAN.HEBERT,tempdata/flower_KELLY_MACCAN.HEBERT.png
14,KELLY_MACCAN.HEBERT,14,KELLY_MACCAN.HEBERT,tempdata/flower_KELLY_MACCAN.HEBERT.png
14,KELLY_MACCAN.HEBERT,14,KELLY_MACCAN.HEBERT,tempdata/flower_KELLY_MACCAN.HEBERT.png
14,KELLY_MACCAN.HEBERT,14,KELLY_MACCAN.HEBERT,tempdata/flower_KELLY_MACCAN.HEBERT.png
14,KELLY_MACCAN.HEBERT,14,KELLY_MACCAN.HEBERT,tempdata/flower_KELLY_MACCAN.HEBERT.png
14,KELLY_MACCAN.HEBERT,14,KELLY_MACCAN.HEBERT,tempdata/flower_KELLY_MACCAN.HEBERT.png
14,KELLY_MACCAN.HEBERT,14,KELLY_MACCAN.HEBERT,tempdata/flower_KELLY_MACCAN.HEBERT.png
14,KELLY_MACCAN.HEBERT,14,KELLY_MACCAN.HEBERT,tempdata/flower_KELLY_MACCAN.HEBERT.png
14,KELLY_MACCAN.HEBERT,14,KELLY_MACCAN.HEBERT,tempdata/flower_KELLY_MACCAN.HEBERT.png
14,KELLY_MACCAN.HEBERT,14,KELLY_MACCAN.HEBERT,tempdata/flower_KELLY_MACCAN.HEBERT.png
14,KELLY_MACCAN.HEBERT,14,KELLY_MACCAN.HEBERT,tempdata/flower_KELLY_MACCAN.HEBERT.png
14,KELLY_MACCAN.HEBERT,14,KELLY_MACCAN.HEBERT,tempdata/flower_KELLY_MACCAN.HEBERT.png
14,KELLY_MACCAN.HEBERT,14,KELLY_MACCAN.HEBERT,tempdata/flower_KELLY_MACCAN.HEBERT.png
14,KELLY_MACCAN.HEBERT,14,KELLY_MACCAN.HEBERT,tempdata/flower_KELLY_MACCAN.HEBERT.png
14,KELLY_MACCAN.HEBERT,14,KELLY_MACCAN.HEBERT,tempdata/flower_KELLY_MACCAN.HEBERT.png
14,KELLY_MACCAN.HEBERT,14,KELLY_MACCAN.HEBERT,tempdata/flower_KELLY_MACCAN.HEBERT.png
14,KELLY_MACCAN.HEBERT,14,KELLY_MACCAN.HEBERT,tempdata/flower_KELLY_MACCAN.HEBERT.png
14,KELLY_MACCAN.HEBERT,14,KELLY_MACCAN.HEBERT,tempdata/flower_KELLY_MACCAN.HEBERT.png
14,KELLY_MACCAN.HEBERT,14,KELLY_MACCAN.HEBERT,tempdata/flower_KELLY_MACCAN.HEBERT.png
14,KELLY_MACCAN.HEBERT,14,KELLY_MACCAN.HEBERT,tempdata/flower_KELLY_MACCAN.HEBERT.png
14,KELLY_MACCAN.HEBERT,14,KELLY_MACCAN.HEBERT,tempdata/flower_KELLY_MACCAN.HEBERT.png
14,KELLY_MACCAN.HEBERT,14,KELLY_MACCAN.HEBERT,tempdata/flower_KELLY_MACCAN.HEBERT.png
14,KELLY_MACCAN.HEBERT,14,KELLY_MACCAN.HEBERT,tempdata/flower_KELLY_MACCAN.HEBERT.png
15,RIVER_JOHN,15,RIVER_JOHN,tempdata/flower_RIVER_JOHN.png
15,RIVER_JOHN,15,RIVER_JOHN,tempdata/flower_RIVER_JOHN.png
15,RIVER_JOHN,15,RIVER_JOHN,tempdata/flower_RIVER_JOHN.png
15,RIVER_JOHN,15,RIVER_JOHN,tempdata/flower_RIVER_JOHN.png
15,RIVER_JOHN,15,RIVER_JOHN,tempdata/flower_RIVER_JOHN.png
15,RIVER_JOHN,15,RIVER_JOHN,tempdata/flower_RIVER_JOHN.png
15,RIVER_JOHN,15,RIVER_JOHN,tempdata/flower_RIVER_JOHN.png
15,RIVER_JOHN,15,RIVER_JOHN,tempdata/flower_RIVER_JOHN.png
15,RIVER_JOHN,15,RIVER_JOHN,tempdata/flower_RIVER_JOHN.png
15,RIVER_JOHN,15,RIVER_JOHN,tempdata/flower_RIVER_JOHN.png
15,RIVER_JOHN,15,RIVER_JOHN,tempdata/flower_RIVER_JOHN.png
15,RIVER_JOHN,15,RIVER_JOHN,tempdata/flower_RIVER_JOHN.png
15,RIVER_JOHN,15,RIVER_JOHN,tempdata/flower_RIVER_JOHN.png
15,RIVER_JOHN,15,RIVER_JOHN,tempdata/flower_RIVER_JOHN.png
15,RIVER_JOHN,15,RIVER_JOHN,tempdata/flower_RIVER_JOHN.png
15,RIVER_JOHN,15,RIVER_JOHN,tempdata/flower_RIVER_JOHN.png
15,RIVER_JOHN,15,RIVER_JOHN,tempdata/flower_RIVER_JOHN.png
15,RIVER_JOHN,15,RIVER_JOHN,tempdata/flower_RIVER_JOHN.png
15,RIVER_JOHN,15,RIVER_JOHN,tempdata/flower_RIVER_JOHN.png
15,RIVER_JOHN,15,RIVER_JOHN,tempdata/flower_RIVER_JOHN.png
15,RIVER_JOHN,15,RIVER_JOHN,tempdata/flower_RIVER_JOHN.png
15,RIVER_JOHN,15,RIVER_JOHN,tempdata/flower_RIVER_JOHN.png
15,RIVER_JOHN,15,RIVER_JOHN,tempdata/flower_RIVER_JOHN.png
16,GRAND_1,16,GRAND_1,tempdata/flower_GRAND_1.png
16,GRAND_1,16,GRAND_1,tempdata/flower_GRAND_1.png
16,GRAND_1,16,GRAND_1,tempdata/flower_GRAND_1.png
16,GRAND_1,16,GRAND_1,tempdata/flower_GRAND_1.png
16,GRAND_1,16,GRAND_1,tempdata/flower_GRAND_1.png
16,GRAND_1,16,GRAND_1,tempdata/flower_GRAND_1.png
16,GRAND_1,16,GRAND_1,tempdata/flower_GRAND_1.png
16,GRAND_1,16,GRAND_1,tempdata/flower_GRAND_1.png
16,GRAND_1,16,GRAND_1,tempdata/flower_GRAND_1.png
16,GRAND_1,16,GRAND_1,tempdata/flower_GRAND_1.png
16,GRAND_1,16,GRAND_1,tempdata/flower_GRAND_1.png
16,GRAND_1,16,GRAND_1,tempdata/flower_GRAND_1.png
16,GRAND_1,16,GRAND_1,tempdata/flower_GRAND_1.png
16,GRAND_1,16,GRAND_1,tempdata/flower_GRAND_1.png
16,GRAND_1,16,GRAND_1,tempdata/flower_GRAND_1.png
16,GRAND_1,16,GRAND_1,tempdata/flower_GRAND_1.png
16,GRAND_1,16,GRAND_1,tempdata/flower_GRAND_1.png
16,GRAND_1,16,GRAND_1,tempdata/flower_GRAND_1.png
16,GRAND_1,16,GRAND_1,tempdata/flower_GRAND_1.png
16,GRAND_1,16,GRAND_1,tempdata/flower_GRAND_1.png
16,GRAND_1,16,GRAND_1,tempdata/flower_GRAND_1.png
16,GRAND_1,16,GRAND_1,tempdata/flower_GRAND_1.png
16,GRAND_1,16,GRAND_1,tempdata/flower_GRAND_1.png
17,PARRSBORO,17,PARRSBORO,tempdata/flower_PARRSBORO.png
17,PARRSBORO,17,PARRSBORO,tempdata/flower_PARRSBORO.png
17,PARRSBORO,17,PARRSBORO,tempdata/flower_PARRSBORO.png
17,PARRSBORO,17,PARRSBORO,tempdata/flower_PARRSBORO.png
17,PARRSBORO,17,PARRSBORO,tempdata/flower_PARRSBORO.png
17,PARRSBORO,17,PARRSBORO,tempdata/flower_PARRSBORO.png
17,PARRSBORO,17,PARRSBORO,tempdata/flower_PARRSBORO.png
17,PARRSBORO,17,PARRSBORO,tempdata/flower_PARRSBORO.png
17,PARRSBORO,17,PARRSBORO,tempdata/flower_PARRSBORO.png
17,PARRSBORO,17,PARRSBORO,tempdata/flower_PARRSBORO.png
17,PARRSBORO,17,PARRSBORO,tempdata/flower_PARRSBORO.png
17,PARRSBORO,17,PARRSBORO,tempdata/flower_PARRSBORO.png
17,PARRSBORO,17,PARRSBORO,tempdata/flower_PARRSBORO.png
17,PARRSBORO,17,PARRSBORO,tempdata/flower_PARRSBORO.png
17,PARRSBORO,17,PARRSBORO,tempdata/flower_PARRSBORO.png
17,PARRSBORO,17,PARRSBORO,tempdata/flower_PARRSBORO.png
17,PARRSBORO,17,PARRSBORO,tempdata/flower_PARRSBORO.png
17,PARRSBORO,17,PARRSBORO,tempdata/flower_PARRSBORO.png
17,PARRSBORO,17,PARRSBORO,tempdata/flower_PARRSBORO.png
17,PARRSBORO,17,PARRSBORO,tempdata/flower_PARRSBORO.png
17,PARRSBORO,17,PARRSBORO,tempdata/flower_PARRSBORO.png
17,PARRSBORO,17,PARRSBORO,tempdata/flower_PARRSBORO.png
17,PARRSBORO,17,PARRSBORO,tempdata/flower_PARRSBORO.png
18,ISLE_MADAME,18,ISLE_MADAME,tempdata/flower_ISLE_MADAME.png
18,ISLE_MADAME,18,ISLE_MADAME,tempdata/flower_ISLE_MADAME.png
18,ISLE_MADAME,18,ISLE_MADAME,tempdata/flower_ISLE_MADAME.png
18,ISLE_MADAME,18,ISLE_MADAME,tempdata/flower_ISLE_MADAME.png
18,ISLE_MADAME,18,ISLE_MADAME,tempdata/flower_ISLE_MADAME.png
18,ISLE_MADAME,18,ISLE_MADAME,tempdata/flower_ISLE_MADAME.png
18,ISLE_MADAME,18,ISLE_MADAME,tempdata/flower_ISLE_MADAME.png
18,ISLE_MADAME,18,ISLE_MADAME,tempdata/flower_ISLE_MADAME.png
18,ISLE_MADAME,18,ISLE_MADAME,tempdata/flower_ISLE_MADAME.png
18,ISLE_MADAME,18,ISLE_MADAME,tempdata/flower_ISLE_MADAME.png
18,ISLE_MADAME,18,ISLE_MADAME,tempdata/flower_ISLE_MADAME.png
18,ISLE_MADAME,18,ISLE_MADAME,tempdata/flower_ISLE_MADAME.png
18,ISLE_MADAME,18,ISLE_MADAME,tempdata/flower_ISLE_MADAME.png
18,ISLE_MADAME,18,ISLE_MADAME,tempdata/flower_ISLE_MADAME.png
18,ISLE_MADAME,18,ISLE_MADAME,tempdata/flower_ISLE_MADAME.png
18,ISLE_MADAME,18,ISLE_MADAME,tempdata/flower_ISLE_MADAME.png
18,ISLE_MADAME,18,ISLE_MADAME,tempdata/flower_ISLE_MADAME.png
18,ISLE_MADAME,18,ISLE_MADAME,tempdata/flower_ISLE_MADAME.png
18,ISLE_MADAME,18,ISLE_MADAME,tempdata/flower_ISLE_MADAME.png
18,ISLE_MADAME,18,ISLE_MADAME,tempdata/flower_ISLE_MADAME.png
18,ISLE_MADAME,18,ISLE_MADAME,tempdata/flower_ISLE_MADAME.png
18,ISLE_MADAME,18,ISLE_MADAME,tempdata/flower_ISLE_MADAME.png
18,ISLE_MADAME,18,ISLE_MADAME,tempdata/flower_ISLE_MADAME.png
19,SALMON_DEBERT,19,SALMON_DEBERT,tempdata/flower_SALMON_DEBERT.png
19,SALMON_DEBERT,19,SALMON_DEBERT,tempdata/flower_SALMON_DEBERT.png
19,SALMON_DEBERT,19,SALMON_DEBERT,tempdata/flower_SALMON_DEBERT.png
19,SALMON_DEBERT,19,SALMON_DEBERT,tempdata/flower_SALMON_DEBERT.png
19,SALMON_DEBERT,19,SALMON_DEBERT,tempdata/flower_SALMON_DEBERT.png
19,SALMON_DEBERT,19,SALMON_DEBERT,tempdata/flower_SALMON_DEBERT.png
19,SALMON_DEBERT,19,SALMON_DEBERT,tempdata/flower_SALMON_DEBERT.png
19,SALMON_DEBERT,19,SALMON_DEBERT,tempdata/flower_SALMON_DEBERT.png
19,SALMON_DEBERT,19,SALMON_DEBERT,tempdata/flower_SALMON_DEBERT.png
19,SALMON_DEBERT,19,SALMON_DEBERT,tempdata/flower_SALMON_DEBERT.png
19,SALMON_DEBERT,19,SALMON_DEBERT,tempdata/flower_SALMON_DEBERT.png
19,SALMON_DEBERT,19,SALMON_DEBERT,tempdata/flower_SALMON_DEBERT.png
19,SALMON_DEBERT,19,SALMON_DEBERT,tempdata/flower_SALMON_DEBERT.png
19,SALMON_DEBERT,19,SALMON_DEBERT,tempdata/flower_SALMON_DEBERT.png
19,SALMON_DEBERT,19,SALMON_DEBERT,tempdata/flower_SALMON_DEBERT.png
19,SALMON_DEBERT,19,SALMON_DEBERT,tempdata/flower_SALMON_DEBERT.png
19,SALMON_DEBERT,19,SALMON_DEBERT,tempdata/flower_SALMON_DEBERT.png
19,SALMON_DEBERT,19,SALMON_DEBERT,tempdata/flower_SALMON_DEBERT.png
19,SALMON_DEBERT,19,SALMON_DEBERT,tempdata/flower_SALMON_DEBERT.png
19,SALMON_DEBERT,19,SALMON_DEBERT,tempdata/flower_SALMON_DEBERT.png
19,SALMON_DEBERT,19,SALMON_DEBERT,tempdata/flower_SALMON_DEBERT.png
19,SALMON_DEBERT,19,SALMON_DEBERT,tempdata/flower_SALMON_DEBERT.png
19,SALMON_DEBERT,19,SALMON_DEBERT,tempdata/flower_SALMON_DEBERT.png
20,ECONOMY,20,ECONOMY,tempdata/flower_ECONOMY.png
20,ECONOMY,20,ECONOMY,tempdata/flower_ECONOMY.png
20,ECONOMY,20,ECONOMY,tempdata/flower_ECONOMY.png
20,ECONOMY,20,ECONOMY,tempdata/flower_ECONOMY.png
20,ECONOMY,20,ECONOMY,tempdata/flower_ECONOMY.png
20,ECONOMY,20,ECONOMY,tempdata/flower_ECONOMY.png
20,ECONOMY,20,ECONOMY,tempdata/flower_ECONOMY.png
20,ECONOMY,20,ECONOMY,tempdata/flower_ECONOMY.png
20,ECONOMY,20,ECONOMY,tempdata/flower_ECONOMY.png
20,ECONOMY,20,ECONOMY,tempdata/flower_ECONOMY.png
20,ECONOMY,20,ECONOMY,tempdata/flower_ECONOMY.png
20,ECONOMY,20,ECONOMY,tempdata/flower_ECONOMY.png
20,ECONOMY,20,ECONOMY,tempdata/flower_ECONOMY.png
20,ECONOMY,20,ECONOMY,tempdata/flower_ECONOMY.png
20,ECONOMY,20,ECONOMY,tempdata/flower_ECONOMY.png
20,ECONOMY,20,ECONOMY,tempdata/flower_ECONOMY.png
20,ECONOMY,20,ECONOMY,tempdata/flower_ECONOMY.png
20,ECONOMY,20,ECONOMY,tempdata/flower_ECONOMY.png
20,ECONOMY,20,ECONOMY,tempdata/flower_ECONOMY.png
20,ECONOMY,20,ECONOMY,tempdata/flower_ECONOMY.png
20,ECONOMY,20,ECONOMY,tempdata/flower_ECONOMY.png
20,ECONOMY,20,ECONOMY,tempdata/flower_ECONOMY.png
20,ECONOMY,20,ECONOMY,tempdata/flower_ECONOMY.png
21,SHUBENACADIE_STEWIACKE,21,SHUBENACADIE_STEWIACKE,tempdata/flower_SHUBENACADIE_STEWIACKE.png
21,SHUBENACADIE_STEWIACKE,21,SHUBENACADIE_STEWIACKE,tempdata/flower_SHUBENACADIE_STEWIACKE.png
21,SHUBENACADIE_STEWIACKE,21,SHUBENACADIE_STEWIACKE,tempdata/flower_SHUBENACADIE_STEWIACKE.png
21,SHUBENACADIE_STEWIACKE,21,SHUBENACADIE_STEWIACKE,tempdata/flower_SHUBENACADIE_STEWIACKE.png
21,SHUBENACADIE_STEWIACKE,21,SHUBENACADIE_STEWIACKE,tempdata/flower_SHUBENACADIE_STEWIACKE.png
21,SHUBENACADIE_STEWIACKE,21,SHUBENACADIE_STEWIACKE,tempdata/flower_SHUBENACADIE_STEWIACKE.png
21,SHUBENACADIE_STEWIACKE,21,SHUBENACADIE_STEWIACKE,tempdata/flower_SHUBENACADIE_STEWIACKE.png
21,SHUBENACADIE_STEWIACKE,21,SHUBENACADIE_STEWIACKE,tempdata/flower_SHUBENACADIE_STEWIACKE.png
21,SHUBENACADIE_STEWIACKE,21,SHUBENACADIE_STEWIACKE,tempdata/flower_SHUBENACADIE_STEWIACKE.png
21,SHUBENACADIE_STEWIACKE,21,SHUBENACADIE_STEWIACKE,tempdata/flower_SHUBENACADIE_STEWIACKE.png
21,SHUBENACADIE_STEWIACKE,21,SHUBENACADIE_STEWIACKE,tempdata/flower_SHUBENACADIE_STEWIACKE.png
21,SHUBENACADIE_STEWIACKE,21,SHUBENACADIE_STEWIACKE,tempdata/flower_SHUBENACADIE_STEWIACKE.png
21,SHUBENACADIE_STEWIACKE,21,SHUBENACADIE_STEWIACKE,tempdata/flower_SHUBENACADIE_STEWIACKE.png
21,SHUBENACADIE_STEWIACKE,21,SHUBENACADIE_STEWIACKE,tempdata/flower_SHUBENACADIE_STEWIACKE.png
21,SHUBENACADIE_STEWIACKE,21,SHUBENACADIE_STEWIACKE,tempdata/flower_SHUBENACADIE_STEWIACKE.png
21,SHUBENACADIE_STEWIACKE,21,SHUBENACADIE_STEWIACKE,tempdata/flower_SHUBENACADIE_STEWIACKE.png
21,SHUBENACADIE_STEWIACKE,21,SHUBENACADIE_STEWIACKE,tempdata/flower_SHUBENACADIE_STEWIACKE.png
21,SHUBENACADIE_STEWIACKE,21,SHUBENACADIE_STEWIACKE,tempdata/flower_SHUBENACADIE_STEWIACKE.png
21,SHUBENACADIE_STEWIACKE,21,SHUBENACADIE_STEWIACKE,tempdata/flower_SHUBENACADIE_STEWIACKE.png
21,SHUBENACADIE_STEWIACKE,21,SHUBENACADIE_STEWIACKE,tempdata/flower_SHUBENACADIE_STEWIACKE.png
21,SHUBENACADIE_STEWIACKE,21,SHUBENACADIE_STEWIACKE,tempdata/flower_SHUBENACADIE_STEWIACKE.png
21,SHUBENACADIE_STEWIACKE,21,SHUBENACADIE_STEWIACKE,tempdata/flower_SHUBENACADIE_STEWIACKE.png
21,SHUBENACADIE_STEWIACKE,21,SHUBENACADIE_STEWIACKE,tempdata/flower_SHUBENACADIE_STEWIACKE.png
22,GASPEREAU,22,GASPEREAU,tempdata/flower_GASPEREAU.png
22,GASPEREAU,22,GASPEREAU,tempdata/flower_GASPEREAU.png
22,GASPEREAU,22,GASPEREAU,tempdata/flower_GASPEREAU.png
22,GASPEREAU,22,GASPEREAU,tempdata/flower_GASPEREAU.png
22,GASPEREAU,22,GASPEREAU,tempdata/flower_GASPEREAU.png
22,GASPEREAU,22,GASPEREAU,tempdata/flower_GASPEREAU.png
22,GASPEREAU,22,GASPEREAU,tempdata/flower_GASPEREAU.png
22,GASPEREAU,22,GASPEREAU,tempdata/flower_GASPEREAU.png
22,GASPEREAU,22,GASPEREAU,tempdata/flower_GASPEREAU.png
22,GASPEREAU,22,GASPEREAU,tempdata/flower_GASPEREAU.png
22,GASPEREAU,22,GASPEREAU,tempdata/flower_GASPEREAU.png
22,GASPEREAU,22,GASPEREAU,tempdata/flower_GASPEREAU.png
22,GASPEREAU,22,GASPEREAU,tempdata/flower_GASPEREAU.png
22,GASPEREAU,22,GASPEREAU,tempdata/flower_GASPEREAU.png
22,GASPEREAU,22,GASPEREAU,tempdata/flower_GASPEREAU.png
22,GASPEREAU,22,GASPEREAU,tempdata/flower_GASPEREAU.png
22,GASPEREAU,22,GASPEREAU,tempdata/flower_GASPEREAU.png
22,GASPEREAU,22,GASPEREAU,tempdata/flower_GASPEREAU.png
22,GASPEREAU,22,GASPEREAU,tempdata/flower_GASPEREAU.png
22,GASPEREAU,22,GASPEREAU,tempdata/flower_GASPEREAU.png
22,GASPEREAU,22,GASPEREAU,tempdata/flower_GASPEREAU.png
22,GASPEREAU,22,GASPEREAU,tempdata/flower_GASPEREAU.png
22,GASPEREAU,22,GASPEREAU,tempdata/flower_GASPEREAU.png
23,KENNETCOOK,23,KENNETCOOK,tempdata/flower_KENNETCOOK.png
23,KENNETCOOK,23,KENNETCOOK,tempdata/flower_KENNETCOOK.png
23,KENNETCOOK,23,KENNETCOOK,tempdata/flower_KENNETCOOK.png
23,KENNETCOOK,23,KENNETCOOK,tempdata/flower_KENNETCOOK.png
23,KENNETCOOK,23,KENNETCOOK,tempdata/flower_KENNETCOOK.png
23,KENNETCOOK,23,KENNETCOOK,tempdata/flower_KENNETCOOK.png
23,KENNETCOOK,23,KENNETCOOK,tempdata/flower_KENNETCOOK.png
23,KENNETCOOK,23,KENNETCOOK,tempdata/flower_KENNETCOOK.png
23,KENNETCOOK,23,KENNETCOOK,tempdata/flower_KENNETCOOK.png
23,KENNETCOOK,23,KENNETCOOK,tempdata/flower_KENNETCOOK.png
23,KENNETCOOK,23,KENNETCOOK,tempdata/flower_KENNETCOOK.png
23,KENNETCOOK,23,KENNETCOOK,tempdata/flower_KENNETCOOK.png
23,KENNETCOOK,23,KENNETCOOK,tempdata/flower_KENNETCOOK.png
23,KENNETCOOK,23,KENNETCOOK,tempdata/flower_KENNETCOOK.png
23,KENNETCOOK,23,KENNETCOOK,tempdata/flower_KENNETCOOK.png
23,KENNETCOOK,23,KENNETCOOK,tempdata/flower_KENNETCOOK.png
23,KENNETCOOK,23,KENNETCOOK,tempdata/flower_KENNETCOOK.png
23,KENNETCOOK,23,KENNETCOOK,tempdata/flower_KENNETCOOK.png
23,KENNETCOOK,23,KENNETCOOK,tempdata/flower_KENNETCOOK.png
23,KENNETCOOK,23,KENNETCOOK,tempdata/flower_KENNETCOOK.png
23,KENNETCOOK,23,KENNETCOOK,tempdata/flower_KENNETCOOK.png
23,KENNETCOOK,23,KENNETCOOK,tempdata/flower_KENNETCOOK.png
23,KENNETCOOK,23,KENNETCOOK,tempdata/flower_KENNETCOOK.png
24,EAST_WEST...SHEET.HBR.,24,EAST_WEST...SHEET.HBR.,tempdata/flower_EAST_WEST...SHEET.HBR..png
24,EAST_WEST...SHEET.HBR.,24,EAST_WEST...SHEET.HBR.,tempdata/flower_EAST_WEST...SHEET.HBR..png
24,EAST_WEST...SHEET.HBR.,24,EAST_WEST...SHEET.HBR.,tempdata/flower_EAST_WEST...SHEET.HBR..png
24,EAST_WEST...SHEET.HBR.,24,EAST_WEST...SHEET.HBR.,tempdata/flower_EAST_WEST...SHEET.HBR..png
24,EAST_WEST...SHEET.HBR.,24,EAST_WEST...SHEET.HBR.,tempdata/flower_EAST_WEST...SHEET.HBR..png
24,EAST_WEST...SHEET.HBR.,24,EAST_WEST...SHEET.HBR.,tempdata/flower_EAST_WEST...SHEET.HBR..png
24,EAST_WEST...SHEET.HBR.,24,EAST_WEST...SHEET.HBR.,tempdata/flower_EAST_WEST...SHEET.HBR..png
24,EAST_WEST...SHEET.HBR.,24,EAST_WEST...SHEET.HBR.,tempdata/flower_EAST_WEST...SHEET.HBR..png
24,EAST_WEST...SHEET.HBR.,24,EAST_WEST...SHEET.HBR.,tempdata/flower_EAST_WEST...SHEET.HBR..png
24,EAST_WEST...SHEET.HBR.,24,EAST_WEST...SHEET.HBR.,tempdata/flower_EAST_WEST...SHEET.HBR..png
24,EAST_WEST...SHEET.HBR.,24,EAST_WEST...SHEET.HBR.,tempdata/flower_EAST_WEST...SHEET.HBR..png
24,EAST_WEST...SHEET.HBR.,24,EAST_WEST...SHEET.HBR.,tempdata/flower_EAST_WEST...SHEET.HBR..png
24,EAST_WEST...SHEET.HBR.,24,EAST_WEST...SHEET.HBR.,tempdata/flower_EAST_WEST...SHEET.HBR..png
24,EAST_WEST...SHEET.HBR.,24,EAST_WEST...SHEET.HBR.,tempdata/flower_EAST_WEST...SHEET.HBR..png
24,EAST_WEST...SHEET.HBR.,24,EAST_WEST...SHEET.HBR.,tempdata/flower_EAST_WEST...SHEET.HBR..png
24,EAST_WEST...SHEET.HBR.,24,EAST_WEST...SHEET.HBR.,tempdata/flower_EAST_WEST...SHEET.HBR..png
24,EAST_WEST...SHEET.HBR.,24,EAST_WEST...SHEET.HBR.,tempdata/flower_EAST_WEST...SHEET.HBR..png
24,EAST_WEST...SHEET.HBR.,24,EAST_WEST...SHEET.HBR.,tempdata/flower_EAST_WEST...SHEET.HBR..png
24,EAST_WEST...SHEET.HBR.,24,EAST_WEST...SHEET.HBR.,tempdata/flower_EAST_WEST...SHEET.HBR..png
24,EAST_WEST...SHEET.HBR.,24,EAST_WEST...SHEET.HBR.,tempdata/flower_EAST_WEST...SHEET.HBR..png
24,EAST_WEST...SHEET.HBR.,24,EAST_WEST...SHEET.HBR.,tempdata/flower_EAST_WEST...SHEET.HBR..png
24,EAST_WEST...SHEET.HBR.,24,EAST_WEST...SHEET.HBR.,tempdata/flower_EAST_WEST...SHEET.HBR..png
24,EAST_WEST...SHEET.HBR.,24,EAST_WEST...SHEET.HBR.,tempdata/flower_EAST_WEST...SHEET.HBR..png
25,MUSQUODOBOIT,25,MUSQUODOBOIT,tempdata/flower_MUSQUODOBOIT.png
25,MUSQUODOBOIT,25,MUSQUODOBOIT,tempdata/flower_MUSQUODOBOIT.png
25,MUSQUODOBOIT,25,MUSQUODOBOIT,tempdata/flower_MUSQUODOBOIT.png
25,MUSQUODOBOIT,25,MUSQUODOBOIT,tempdata/flower_MUSQUODOBOIT.png
25,MUSQUODOBOIT,25,MUSQUODOBOIT,tempdata/flower_MUSQUODOBOIT.png
25,MUSQUODOBOIT,25,MUSQUODOBOIT,tempdata/flower_MUSQUODOBOIT.png
25,MUSQUODOBOIT,25,MUSQUODOBOIT,tempdata/flower_MUSQUODOBOIT.png
25,MUSQUODOBOIT,25,MUSQUODOBOIT,tempdata/flower_MUSQUODOBOIT.png
25,MUSQUODOBOIT,25,MUSQUODOBOIT,tempdata/flower_MUSQUODOBOIT.png
25,MUSQUODOBOIT,25,MUSQUODOBOIT,tempdata/flower_MUSQUODOBOIT.png
25,MUSQUODOBOIT,25,MUSQUODOBOIT,tempdata/flower_MUSQUODOBOIT.png
25,MUSQUODOBOIT,25,MUSQUODOBOIT,tempdata/flower_MUSQUODOBOIT.png
25,MUSQUODOBOIT,25,MUSQUODOBOIT,tempdata/flower_MUSQUODOBOIT.png
25,MUSQUODOBOIT,25,MUSQUODOBOIT,tempdata/flower_MUSQUODOBOIT.png
25,MUSQUODOBOIT,25,MUSQUODOBOIT,tempdata/flower_MUSQUODOBOIT.png
25,MUSQUODOBOIT,25,MUSQUODOBOIT,tempdata/flower_MUSQUODOBOIT.png
25,MUSQUODOBOIT,25,MUSQUODOBOIT,tempdata/flower_MUSQUODOBOIT.png
25,MUSQUODOBOIT,25,MUSQUODOBOIT,tempdata/flower_MUSQUODOBOIT.png
25,MUSQUODOBOIT,25,MUSQUODOBOIT,tempdata/flower_MUSQUODOBOIT.png
25,MUSQUODOBOIT,25,MUSQUODOBOIT,tempdata/flower_MUSQUODOBOIT.png
25,MUSQUODOBOIT,25,MUSQUODOBOIT,tempdata/flower_MUSQUODOBOIT.png
25,MUSQUODOBOIT,25,MUSQUODOBOIT,tempdata/flower_MUSQUODOBOIT.png
25,MUSQUODOBOIT,25,MUSQUODOBOIT,tempdata/flower_MUSQUODOBOIT.png
26,ANNAPOLIS,26,ANNAPOLIS,tempdata/flower_ANNAPOLIS.png
26,ANNAPOLIS,26,ANNAPOLIS,tempdata/flower_ANNAPOLIS.png
26,ANNAPOLIS,26,ANNAPOLIS,tempdata/flower_ANNAPOLIS.png
26,ANNAPOLIS,26,ANNAPOLIS,tempdata/flower_ANNAPOLIS.png
26,ANNAPOLIS,26,ANNAPOLIS,tempdata/flower_ANNAPOLIS.png
26,ANNAPOLIS,26,ANNAPOLIS,tempdata/flower_ANNAPOLIS.png
26,ANNAPOLIS,26,ANNAPOLIS,tempdata/flower_ANNAPOLIS.png
26,ANNAPOLIS,26,ANNAPOLIS,tempdata/flower_ANNAPOLIS.png
26,ANNAPOLIS,26,ANNAPOLIS,tempdata/flower_ANNAPOLIS.png
26,ANNAPOLIS,26,ANNAPOLIS,tempdata/flower_ANNAPOLIS.png
26,ANNAPOLIS,26,ANNAPOLIS,tempdata/flower_ANNAPOLIS.png
26,ANNAPOLIS,26,ANNAPOLIS,tempdata/flower_ANNAPOLIS.png
26,ANNAPOLIS,26,ANNAPOLIS,tempdata/flower_ANNAPOLIS.png
26,ANNAPOLIS,26,ANNAPOLIS,tempdata/flower_ANNAPOLIS.png
26,ANNAPOLIS,26,ANNAPOLIS,tempdata/flower_ANNAPOLIS.png
26,ANNAPOLIS,26,ANNAPOLIS,tempdata/flower_ANNAPOLIS.png
26,ANNAPOLIS,26,ANNAPOLIS,tempdata/flower_ANNAPOLIS.png
26,ANNAPOLIS,26,ANNAPOLIS,tempdata/flower_ANNAPOLIS.png
26,ANNAPOLIS,26,ANNAPOLIS,tempdata/flower_ANNAPOLIS.png
26,ANNAPOLIS,26,ANNAPOLIS,tempdata/flower_ANNAPOLIS.png
26,ANNAPOLIS,26,ANNAPOLIS,tempdata/flower_ANNAPOLIS.png
26,ANNAPOLIS,26,ANNAPOLIS,tempdata/flower_ANNAPOLIS.png
26,ANNAPOLIS,26,ANNAPOLIS,tempdata/flower_ANNAPOLIS.png
27,ST_.CROIX,27,ST_.CROIX,tempdata/flower_ST_.CROIX.png
27,ST_.CROIX,27,ST_.CROIX,tempdata/flower_ST_.CROIX.png
27,ST_.CROIX,27,ST_.CROIX,tempdata/flower_ST_.CROIX.png
27,ST_.CROIX,27,ST_.CROIX,tempdata/flower_ST_.CROIX.png
27,ST_.CROIX,27,ST_.CROIX,tempdata/flower_ST_.CROIX.png
27,ST_.CROIX,27,ST_.CROIX,tempdata/flower_ST_.CROIX.png
27,ST_.CROIX,27,ST_.CROIX,tempdata/flower_ST_.CROIX.png
27,ST_.CROIX,27,ST_.CROIX,tempdata/flower_ST_.CROIX.png
27,ST_.CROIX,27,ST_.CROIX,tempdata/flower_ST_.CROIX.png
27,ST_.CROIX,27,ST_.CROIX,tempdata/flower_ST_.CROIX.png
27,ST_.CROIX,27,ST_.CROIX,tempdata/flower_ST_.CROIX.png
27,ST_.CROIX,27,ST_.CROIX,tempdata/flower_ST_.CROIX.png
27,ST_.CROIX,27,ST_.CROIX,tempdata/flower_ST_.CROIX.png
27,ST_.CROIX,27,ST_.CROIX,tempdata/flower_ST_.CROIX.png
27,ST_.CROIX,27,ST_.CROIX,tempdata/flower_ST_.CROIX.png
27,ST_.CROIX,27,ST_.CROIX,tempdata/flower_ST_.CROIX.png
27,ST_.CROIX,27,ST_.CROIX,tempdata/flower_ST_.CROIX.png
27,ST_.CROIX,27,ST_.CROIX,tempdata/flower_ST_.CROIX.png
27,ST_.CROIX,27,ST_.CROIX,tempdata/flower_ST_.CROIX.png
27,ST_.CROIX,27,ST_.CROIX,tempdata/flower_ST_.CROIX.png
27,ST_.CROIX,27,ST_.CROIX,tempdata/flower_ST_.CROIX.png
27,ST_.CROIX,27,ST_.CROIX,tempdata/flower_ST_.CROIX.png
27,ST_.CROIX,27,ST_.CROIX,tempdata/flower_ST_.CROIX.png
28,TANGIER,28,TANGIER,tempdata/flower_TANGIER.png
28,TANGIER,28,TANGIER,tempdata/flower_TANGIER.png
28,TANGIER,28,TANGIER,tempdata/flower_TANGIER.png
28,TANGIER,28,TANGIER,tempdata/flower_TANGIER.png
28,TANGIER,28,TANGIER,tempdata/flower_TANGIER.png
28,TANGIER,28,TANGIER,tempdata/flower_TANGIER.png
28,TANGIER,28,TANGIER,tempdata/flower_TANGIER.png
28,TANGIER,28,TANGIER,tempdata/flower_TANGIER.png
28,TANGIER,28,TANGIER,tempdata/flower_TANGIER.png
28,TANGIER,28,TANGIER,tempdata/flower_TANGIER.png
28,TANGIER,28,TANGIER,tempdata/flower_TANGIER.png
28,TANGIER,28,TANGIER,tempdata/flower_TANGIER.png
28,TANGIER,28,TANGIER,tempdata/flower_TANGIER.png
28,TANGIER,28,TANGIER,tempdata/flower_TANGIER.png
28,TANGIER,28,TANGIER,tempdata/flower_TANGIER.png
28,TANGIER,28,TANGIER,tempdata/flower_TANGIER.png
28,TANGIER,28,TANGIER,tempdata/flower_TANGIER.png
28,TANGIER,28,TANGIER,tempdata/flower_TANGIER.png
28,TANGIER,28,TANGIER,tempdata/flower_TANGIER.png
28,TANGIER,28,TANGIER,tempdata/flower_TANGIER.png
28,TANGIER,28,TANGIER,tempdata/flower_TANGIER.png
28,TANGIER,28,TANGIER,tempdata/flower_TANGIER.png
28,TANGIER,28,TANGIER,tempdata/flower_TANGIER.png
29,EAST_INDIAN.RIVER,29,EAST_INDIAN.RIVER,tempdata/flower_EAST_INDIAN.RIVER.png
29,EAST_INDIAN.RIVER,29,EAST_INDIAN.RIVER,tempdata/flower_EAST_INDIAN.RIVER.png
29,EAST_INDIAN.RIVER,29,EAST_INDIAN.RIVER,tempdata/flower_EAST_INDIAN.RIVER.png
29,EAST_INDIAN.RIVER,29,EAST_INDIAN.RIVER,tempdata/flower_EAST_INDIAN.RIVER.png
29,EAST_INDIAN.RIVER,29,EAST_INDIAN.RIVER,tempdata/flower_EAST_INDIAN.RIVER.png
29,EAST_INDIAN.RIVER,29,EAST_INDIAN.RIVER,tempdata/flower_EAST_INDIAN.RIVER.png
29,EAST_INDIAN.RIVER,29,EAST_INDIAN.RIVER,tempdata/flower_EAST_INDIAN.RIVER.png
29,EAST_INDIAN.RIVER,29,EAST_INDIAN.RIVER,tempdata/flower_EAST_INDIAN.RIVER.png
29,EAST_INDIAN.RIVER,29,EAST_INDIAN.RIVER,tempdata/flower_EAST_INDIAN.RIVER.png
29,EAST_INDIAN.RIVER,29,EAST_INDIAN.RIVER,tempdata/flower_EAST_INDIAN.RIVER.png
29,EAST_INDIAN.RIVER,29,EAST_INDIAN.RIVER,tempdata/flower_EAST_INDIAN.RIVER.png
29,EAST_INDIAN.RIVER,29,EAST_INDIAN.RIVER,tempdata/flower_EAST_INDIAN.RIVER.png
29,EAST_INDIAN.RIVER,29,EAST_INDIAN.RIVER,tempdata/flower_EAST_INDIAN.RIVER.png
29,EAST_INDIAN.RIVER,29,EAST_INDIAN.RIVER,tempdata/flower_EAST_INDIAN.RIVER.png
29,EAST_INDIAN.RIVER,29,EAST_INDIAN.RIVER,tempdata/flower_EAST_INDIAN.RIVER.png
29,EAST_INDIAN.RIVER,29,EAST_INDIAN.RIVER,tempdata/flower_EAST_INDIAN.RIVER.png
29,EAST_INDIAN.RIVER,29,EAST_INDIAN.RIVER,tempdata/flower_EAST_INDIAN.RIVER.png
29,EAST_INDIAN.RIVER,29,EAST_INDIAN.RIVER,tempdata/flower_EAST_INDIAN.RIVER.png
29,EAST_INDIAN.RIVER,29,EAST_INDIAN.RIVER,tempdata/flower_EAST_INDIAN.RIVER.png
29,EAST_INDIAN.RIVER,29,EAST_INDIAN.RIVER,tempdata/flower_EAST_INDIAN.RIVER.png
29,EAST_INDIAN.RIVER,29,EAST_INDIAN.RIVER,tempdata/flower_EAST_INDIAN.RIVER.png
29,EAST_INDIAN.RIVER,29,EAST_INDIAN.RIVER,tempdata/flower_EAST_INDIAN.RIVER.png
29,EAST_INDIAN.RIVER,29,EAST_INDIAN.RIVER,tempdata/flower_EAST_INDIAN.RIVER.png
30,SACKVILLE,30,SACKVILLE,tempdata/flower_SACKVILLE.png
30,SACKVILLE,30,SACKVILLE,tempdata/flower_SACKVILLE.png
30,SACKVILLE,30,SACKVILLE,tempdata/flower_SACKVILLE.png
30,SACKVILLE,30,SACKVILLE,tempdata/flower_SACKVILLE.png
30,SACKVILLE,30,SACKVILLE,tempdata/flower_SACKVILLE.png
30,SACKVILLE,30,SACKVILLE,tempdata/flower_SACKVILLE.png
30,SACKVILLE,30,SACKVILLE,tempdata/flower_SACKVILLE.png
30,SACKVILLE,30,SACKVILLE,tempdata/flower_SACKVILLE.png
30,SACKVILLE,30,SACKVILLE,tempdata/flower_SACKVILLE.png
30,SACKVILLE,30,SACKVILLE,tempdata/flower_SACKVILLE.png
30,SACKVILLE,30,SACKVILLE,tempdata/flower_SACKVILLE.png
30,SACKVILLE,30,SACKVILLE,tempdata/flower_SACKVILLE.png
30,SACKVILLE,30,SACKVILLE,tempdata/flower_SACKVILLE.png
30,SACKVILLE,30,SACKVILLE,tempdata/flower_SACKVILLE.png
30,SACKVILLE,30,SACKVILLE,tempdata/flower_SACKVILLE.png
30,SACKVILLE,30,SACKVILLE,tempdata/flower_SACKVILLE.png
30,SACKVILLE,30,SACKVILLE,tempdata/flower_SACKVILLE.png
30,SACKVILLE,30,SACKVILLE,tempdata/flower_SACKVILLE.png
30,SACKVILLE,30,SACKVILLE,tempdata/flower_SACKVILLE.png
30,SACKVILLE,30,SACKVILLE,tempdata/flower_SACKVILLE.png
30,SACKVILLE,30,SACKVILLE,tempdata/flower_SACKVILLE.png
30,SACKVILLE,30,SACKVILLE,tempdata/flower_SACKVILLE.png
30,SACKVILLE,30,SACKVILLE,tempdata/flower_SACKVILLE.png
31,LAHAVE,31,LAHAVE,tempdata/flower_LAHAVE.png
31,LAHAVE,31,LAHAVE,tempdata/flower_LAHAVE.png
31,LAHAVE,31,LAHAVE,tempdata/flower_LAHAVE.png
31,LAHAVE,31,LAHAVE,tempdata/flower_LAHAVE.png
31,LAHAVE,31,LAHAVE,tempdata/flower_LAHAVE.png
31,LAHAVE,31,LAHAVE,tempdata/flower_LAHAVE.png
31,LAHAVE,31,LAHAVE,tempdata/flower_LAHAVE.png
31,LAHAVE,31,LAHAVE,tempdata/flower_LAHAVE.png
31,LAHAVE,31,LAHAVE,tempdata/flower_LAHAVE.png
31,LAHAVE,31,LAHAVE,tempdata/flower_LAHAVE.png
31,LAHAVE,31,LAHAVE,tempdata/flower_LAHAVE.png
31,LAHAVE,31,LAHAVE,tempdata/flower_LAHAVE.png
31,LAHAVE,31,LAHAVE,tempdata/flower_LAHAVE.png
31,LAHAVE,31,LAHAVE,tempdata/flower_LAHAVE.png
31,LAHAVE,31,LAHAVE,tempdata/flower_LAHAVE.png
31,LAHAVE,31,LAHAVE,tempdata/flower_LAHAVE.png
31,LAHAVE,31,LAHAVE,tempdata/flower_LAHAVE.png
31,LAHAVE,31,LAHAVE,tempdata/flower_LAHAVE.png
31,LAHAVE,31,LAHAVE,tempdata/flower_LAHAVE.png
31,LAHAVE,31,LAHAVE,tempdata/flower_LAHAVE.png
31,LAHAVE,31,LAHAVE,tempdata/flower_LAHAVE.png
31,LAHAVE,31,LAHAVE,tempdata/flower_LAHAVE.png
31,LAHAVE,31,LAHAVE,tempdata/flower_LAHAVE.png
32,GOLD,32,GOLD,tempdata/flower_GOLD.png
32,GOLD,32,GOLD,tempdata/flower_GOLD.png
32,GOLD,32,GOLD,tempdata/flower_GOLD.png
32,GOLD,32,GOLD,tempdata/flower_GOLD.png
32,GOLD,32,GOLD,tempdata/flower_GOLD.png
32,GOLD,32,GOLD,tempdata/flower_GOLD.png
32,GOLD,32,GOLD,tempdata/flower_GOLD.png
32,GOLD,32,GOLD,tempdata/flower_GOLD.png
32,GOLD,32,GOLD,tempdata/flower_GOLD.png
32,GOLD,32,GOLD,tempdata/flower_GOLD.png
32,GOLD,32,GOLD,tempdata/flower_GOLD.png
32,GOLD,32,GOLD,tempdata/flower_GOLD.png
32,GOLD,32,GOLD,tempdata/flower_GOLD.png
32,GOLD,32,GOLD,tempdata/flower_GOLD.png
32,GOLD,32,GOLD,tempdata/flower_GOLD.png
32,GOLD,32,GOLD,tempdata/flower_GOLD.png
32,GOLD,32,GOLD,tempdata/flower_GOLD.png
32,GOLD,32,GOLD,tempdata/flower_GOLD.png
32,GOLD,32,GOLD,tempdata/flower_GOLD.png
32,GOLD,32,GOLD,tempdata/flower_GOLD.png
32,GOLD,32,GOLD,tempdata/flower_GOLD.png
32,GOLD,32,GOLD,tempdata/flower_GOLD.png
32,GOLD,32,GOLD,tempdata/flower_GOLD.png
33,HERRING_COVE.MEDWAY,33,HERRING_COVE.MEDWAY,tempdata/flower_HERRING_COVE.MEDWAY.png
33,HERRING_COVE.MEDWAY,33,HERRING_COVE.MEDWAY,tempdata/flower_HERRING_COVE.MEDWAY.png
33,HERRING_COVE.MEDWAY,33,HERRING_COVE.MEDWAY,tempdata/flower_HERRING_COVE.MEDWAY.png
33,HERRING_COVE.MEDWAY,33,HERRING_COVE.MEDWAY,tempdata/flower_HERRING_COVE.MEDWAY.png
33,HERRING_COVE.MEDWAY,33,HERRING_COVE.MEDWAY,tempdata/flower_HERRING_COVE.MEDWAY.png
33,HERRING_COVE.MEDWAY,33,HERRING_COVE.MEDWAY,tempdata/flower_HERRING_COVE.MEDWAY.png
33,HERRING_COVE.MEDWAY,33,HERRING_COVE.MEDWAY,tempdata/flower_HERRING_COVE.MEDWAY.png
33,HERRING_COVE.MEDWAY,33,HERRING_COVE.MEDWAY,tempdata/flower_HERRING_COVE.MEDWAY.png
33,HERRING_COVE.MEDWAY,33,HERRING_COVE.MEDWAY,tempdata/flower_HERRING_COVE.MEDWAY.png
33,HERRING_COVE.MEDWAY,33,HERRING_COVE.MEDWAY,tempdata/flower_HERRING_COVE.MEDWAY.png
33,HERRING_COVE.MEDWAY,33,HERRING_COVE.MEDWAY,tempdata/flower_HERRING_COVE.MEDWAY.png
33,HERRING_COVE.MEDWAY,33,HERRING_COVE.MEDWAY,tempdata/flower_HERRING_COVE.MEDWAY.png
33,HERRING_COVE.MEDWAY,33,HERRING_COVE.MEDWAY,tempdata/flower_HERRING_COVE.MEDWAY.png
33,HERRING_COVE.MEDWAY,33,HERRING_COVE.MEDWAY,tempdata/flower_HERRING_COVE.MEDWAY.png
33,HERRING_COVE.MEDWAY,33,HERRING_COVE.MEDWAY,tempdata/flower_HERRING_COVE.MEDWAY.png
33,HERRING_COVE.MEDWAY,33,HERRING_COVE.MEDWAY,tempdata/flower_HERRING_COVE.MEDWAY.png
33,HERRING_COVE.MEDWAY,33,HERRING_COVE.MEDWAY,tempdata/flower_HERRING_COVE.MEDWAY.png
33,HERRING_COVE.MEDWAY,33,HERRING_COVE.MEDWAY,tempdata/flower_HERRING_COVE.MEDWAY.png
33,HERRING_COVE.MEDWAY,33,HERRING_COVE.MEDWAY,tempdata/flower_HERRING_COVE.MEDWAY.png
33,HERRING_COVE.MEDWAY,33,HERRING_COVE.MEDWAY,tempdata/flower_HERRING_COVE.MEDWAY.png
33,HERRING_COVE.MEDWAY,33,HERRING_COVE.MEDWAY,tempdata/flower_HERRING_COVE.MEDWAY.png
33,HERRING_COVE.MEDWAY,33,HERRING_COVE.MEDWAY,tempdata/flower_HERRING_COVE.MEDWAY.png
33,HERRING_COVE.MEDWAY,33,HERRING_COVE.MEDWAY,tempdata/flower_HERRING_COVE.MEDWAY.png
34,SISSIBOO_BEAR,34,SISSIBOO_BEAR,tempdata/flower_SISSIBOO_BEAR.png
34,SISSIBOO_BEAR,34,SISSIBOO_BEAR,tempdata/flower_SISSIBOO_BEAR.png
34,SISSIBOO_BEAR,34,SISSIBOO_BEAR,tempdata/flower_SISSIBOO_BEAR.png
34,SISSIBOO_BEAR,34,SISSIBOO_BEAR,tempdata/flower_SISSIBOO_BEAR.png
34,SISSIBOO_BEAR,34,SISSIBOO_BEAR,tempdata/flower_SISSIBOO_BEAR.png
34,SISSIBOO_BEAR,34,SISSIBOO_BEAR,tempdata/flower_SISSIBOO_BEAR.png
34,SISSIBOO_BEAR,34,SISSIBOO_BEAR,tempdata/flower_SISSIBOO_BEAR.png
34,SISSIBOO_BEAR,34,SISSIBOO_BEAR,tempdata/flower_SISSIBOO_BEAR.png
34,SISSIBOO_BEAR,34,SISSIBOO_BEAR,tempdata/flower_SISSIBOO_BEAR.png
34,SISSIBOO_BEAR,34,SISSIBOO_BEAR,tempdata/flower_SISSIBOO_BEAR.png
34,SISSIBOO_BEAR,34,SISSIBOO_BEAR,tempdata/flower_SISSIBOO_BEAR.png
34,SISSIBOO_BEAR,34,SISSIBOO_BEAR,tempdata/flower_SISSIBOO_BEAR.png
34,SISSIBOO_BEAR,34,SISSIBOO_BEAR,tempdata/flower_SISSIBOO_BEAR.png
34,SISSIBOO_BEAR,34,SISSIBOO_BEAR,tempdata/flower_SISSIBOO_BEAR.png
34,SISSIBOO_BEAR,34,SISSIBOO_BEAR,tempdata/flower_SISSIBOO_BEAR.png
34,SISSIBOO_BEAR,34,SISSIBOO_BEAR,tempdata/flower_SISSIBOO_BEAR.png
34,SISSIBOO_BEAR,34,SISSIBOO_BEAR,tempdata/flower_SISSIBOO_BEAR.png
34,SISSIBOO_BEAR,34,SISSIBOO_BEAR,tempdata/flower_SISSIBOO_BEAR.png
34,SISSIBOO_BEAR,34,SISSIBOO_BEAR,tempdata/flower_SISSIBOO_BEAR.png
34,SISSIBOO_BEAR,34,SISSIBOO_BEAR,tempdata/flower_SISSIBOO_BEAR.png
34,SISSIBOO_BEAR,34,SISSIBOO_BEAR,tempdata/flower_SISSIBOO_BEAR.png
34,SISSIBOO_BEAR,34,SISSIBOO_BEAR,tempdata/flower_SISSIBOO_BEAR.png
34,SISSIBOO_BEAR,34,SISSIBOO_BEAR,tempdata/flower_SISSIBOO_BEAR.png
35,MERSEY,35,MERSEY,tempdata/flower_MERSEY.png
35,MERSEY,35,MERSEY,tempdata/flower_MERSEY.png
35,MERSEY,35,MERSEY,tempdata/flower_MERSEY.png
35,MERSEY,35,MERSEY,tempdata/flower_MERSEY.png
35,MERSEY,35,MERSEY,tempdata/flower_MERSEY.png
35,MERSEY,35,MERSEY,tempdata/flower_MERSEY.png
35,MERSEY,35,MERSEY,tempdata/flower_MERSEY.png
35,MERSEY,35,MERSEY,tempdata/flower_MERSEY.png
35,MERSEY,35,MERSEY,tempdata/flower_MERSEY.png
35,MERSEY,35,MERSEY,tempdata/flower_MERSEY.png
35,MERSEY,35,MERSEY,tempdata/flower_MERSEY.png
35,MERSEY,35,MERSEY,tempdata/flower_MERSEY.png
35,MERSEY,35,MERSEY,tempdata/flower_MERSEY.png
35,MERSEY,35,MERSEY,tempdata/flower_MERSEY.png
35,MERSEY,35,MERSEY,tempdata/flower_MERSEY.png
35,MERSEY,35,MERSEY,tempdata/flower_MERSEY.png
35,MERSEY,35,MERSEY,tempdata/flower_MERSEY.png
35,MERSEY,35,MERSEY,tempdata/flower_MERSEY.png
35,MERSEY,35,MERSEY,tempdata/flower_MERSEY.png
35,MERSEY,35,MERSEY,tempdata/flower_MERSEY.png
35,MERSEY,35,MERSEY,tempdata/flower_MERSEY.png
35,MERSEY,35,MERSEY,tempdata/flower_MERSEY.png
35,MERSEY,35,MERSEY,tempdata/flower_MERSEY.png
36,METEGHAN,36,METEGHAN,tempdata/flower_METEGHAN.png
36,METEGHAN,36,METEGHAN,tempdata/flower_METEGHAN.png
36,METEGHAN,36,METEGHAN,tempdata/flower_METEGHAN.png
36,METEGHAN,36,METEGHAN,tempdata/flower_METEGHAN.png
36,METEGHAN,36,METEGHAN,tempdata/flower_METEGHAN.png
36,METEGHAN,36,METEGHAN,tempdata/flower_METEGHAN.png
36,METEGHAN,36,METEGHAN,tempdata/flower_METEGHAN.png
36,METEGHAN,36,METEGHAN,tempdata/flower_METEGHAN.png
36,METEGHAN,36,METEGHAN,tempdata/flower_METEGHAN.png
36,METEGHAN,36,METEGHAN,tempdata/flower_METEGHAN.png
36,METEGHAN,36,METEGHAN,tempdata/flower_METEGHAN.png
36,METEGHAN,36,METEGHAN,tempdata/flower_METEGHAN.png
36,METEGHAN,36,METEGHAN,tempdata/flower_METEGHAN.png
36,METEGHAN,36,METEGHAN,tempdata/flower_METEGHAN.png
36,METEGHAN,36,METEGHAN,tempdata/flower_METEGHAN.png
36,METEGHAN,36,METEGHAN,tempdata/flower_METEGHAN.png
36,METEGHAN,36,METEGHAN,tempdata/flower_METEGHAN.png
36,METEGHAN,36,METEGHAN,tempdata/flower_METEGHAN.png
36,METEGHAN,36,METEGHAN,tempdata/flower_METEGHAN.png
36,METEGHAN,36,METEGHAN,tempdata/flower_METEGHAN.png
36,METEGHAN,36,METEGHAN,tempdata/flower_METEGHAN.png
36,METEGHAN,36,METEGHAN,tempdata/flower_METEGHAN.png
36,METEGHAN,36,METEGHAN,tempdata/flower_METEGHAN.png
37,SISSIBOO_BEAR.1,37,SISSIBOO_BEAR.1,tempdata/flower_SISSIBOO_BEAR.1.png
37,SISSIBOO_BEAR.1,37,SISSIBOO_BEAR.1,tempdata/flower_SISSIBOO_BEAR.1.png
37,SISSIBOO_BEAR.1,37,SISSIBOO_BEAR.1,tempdata/flower_SISSIBOO_BEAR.1.png
37,SISSIBOO_BEAR.1,37,SISSIBOO_BEAR.1,tempdata/flower_SISSIBOO_BEAR.1.png
37,SISSIBOO_BEAR.1,37,SISSIBOO_BEAR.1,tempdata/flower_SISSIBOO_BEAR.1.png
37,SISSIBOO_BEAR.1,37,SISSIBOO_BEAR.1,tempdata/flower_SISSIBOO_BEAR.1.png
37,SISSIBOO_BEAR.1,37,SISSIBOO_BEAR.1,tempdata/flower_SISSIBOO_BEAR.1.png
37,SISSIBOO_BEAR.1,37,SISSIBOO_BEAR.1,tempdata/flower_SISSIBOO_BEAR.1.png
37,SISSIBOO_BEAR.1,37,SISSIBOO_BEAR.1,tempdata/flower_SISSIBOO_BEAR.1.png
37,SISSIBOO_BEAR.1,37,SISSIBOO_BEAR.1,tempdata/flower_SISSIBOO_BEAR.1.png
37,SISSIBOO_BEAR.1,37,SISSIBOO_BEAR.1,tempdata/flower_SISSIBOO_BEAR.1.png
37,SISSIBOO_BEAR.1,37,SISSIBOO_BEAR.1,tempdata/flower_SISSIBOO_BEAR.1.png
37,SISSIBOO_BEAR.1,37,SISSIBOO_BEAR.1,tempdata/flower_SISSIBOO_BEAR.1.png
37,SISSIBOO_BEAR.1,37,SISSIBOO_BEAR.1,tempdata/flower_SISSIBOO_BEAR.1.png
37,SISSIBOO_BEAR.1,37,SISSIBOO_BEAR.1,tempdata/flower_SISSIBOO_BEAR.1.png
37,SISSIBOO_BEAR.1,37,SISSIBOO_BEAR.1,tempdata/flower_SISSIBOO_BEAR.1.png
37,SISSIBOO_BEAR.1,37,SISSIBOO_BEAR.1,tempdata/flower_SISSIBOO_BEAR.1.png
37,SISSIBOO_BEAR.1,37,SISSIBOO_BEAR.1,tempdata/flower_SISSIBOO_BEAR.1.png
37,SISSIBOO_BEAR.1,37,SISSIBOO_BEAR.1,tempdata/flower_SISSIBOO_BEAR.1.png
37,SISSIBOO_BEAR.1,37,SISSIBOO_BEAR.1,tempdata/flower_SISSIBOO_BEAR.1.png
37,SISSIBOO_BEAR.1,37,SISSIBOO_BEAR.1,tempdata/flower_SISSIBOO_BEAR.1.png
37,SISSIBOO_BEAR.1,37,SISSIBOO_BEAR.1,tempdata/flower_SISSIBOO_BEAR.1.png
37,SISSIBOO_BEAR.1,37,SISSIBOO_BEAR.1,tempdata/flower_SISSIBOO_BEAR.1.png
38,ROSEWAY_SABLE.JORDAN,38,ROSEWAY_SABLE.JORDAN,tempdata/flower_ROSEWAY_SABLE.JORDAN.png
38,ROSEWAY_SABLE.JORDAN,38,ROSEWAY_SABLE.JORDAN,tempdata/flower_ROSEWAY_SABLE.JORDAN.png
38,ROSEWAY_SABLE.JORDAN,38,ROSEWAY_SABLE.JORDAN,tempdata/flower_ROSEWAY_SABLE.JORDAN.png
38,ROSEWAY_SABLE.JORDAN,38,ROSEWAY_SABLE.JORDAN,tempdata/flower_ROSEWAY_SABLE.JORDAN.png
38,ROSEWAY_SABLE.JORDAN,38,ROSEWAY_SABLE.JORDAN,tempdata/flower_ROSEWAY_SABLE.JORDAN.png
38,ROSEWAY_SABLE.JORDAN,38,ROSEWAY_SABLE.JORDAN,tempdata/flower_ROSEWAY_SABLE.JORDAN.png
38,ROSEWAY_SABLE.JORDAN,38,ROSEWAY_SABLE.JORDAN,tempdata/flower_ROSEWAY_SABLE.JORDAN.png
38,ROSEWAY_SABLE.JORDAN,38,ROSEWAY_SABLE.JORDAN,tempdata/flower_ROSEWAY_SABLE.JORDAN.png
38,ROSEWAY_SABLE.JORDAN,38,ROSEWAY_SABLE.JORDAN,tempdata/flower_ROSEWAY_SABLE.JORDAN.png
38,ROSEWAY_SABLE.JORDAN,38,ROSEWAY_SABLE.JORDAN,tempdata/flower_ROSEWAY_SABLE.JORDAN.png
38,ROSEWAY_SABLE.JORDAN,38,ROSEWAY_SABLE.JORDAN,tempdata/flower_ROSEWAY_SABLE.JORDAN.png
38,ROSEWAY_SABLE.JORDAN,38,ROSEWAY_SABLE.JORDAN,tempdata/flower_ROSEWAY_SABLE.JORDAN.png
38,ROSEWAY_SABLE.JORDAN,38,ROSEWAY_SABLE.JORDAN,tempdata/flower_ROSEWAY_SABLE.JORDAN.png
38,ROSEWAY_SABLE.JORDAN,38,ROSEWAY_SABLE.JORDAN,tempdata/flower_ROSEWAY_SABLE.JORDAN.png
38,ROSEWAY_SABLE.JORDAN,38,ROSEWAY_SABLE.JORDAN,tempdata/flower_ROSEWAY_SABLE.JORDAN.png
38,ROSEWAY_SABLE.JORDAN,38,ROSEWAY_SABLE.JORDAN,tempdata/flower_ROSEWAY_SABLE.JORDAN.png
38,ROSEWAY_SABLE.JORDAN,38,ROSEWAY_SABLE.JORDAN,tempdata/flower_ROSEWAY_SABLE.JORDAN.png
38,ROSEWAY_SABLE.JORDAN,38,ROSEWAY_SABLE.JORDAN,tempdata/flower_ROSEWAY_SABLE.JORDAN.png
38,ROSEWAY_SABLE.JORDAN,38,ROSEWAY_SABLE.JORDAN,tempdata/flower_ROSEWAY_SABLE.JORDAN.png
38,ROSEWAY_SABLE.JORDAN,38,ROSEWAY_SABLE.JORDAN,tempdata/flower_ROSEWAY_SABLE.JORDAN.png
38,ROSEWAY_SABLE.JORDAN,38,ROSEWAY_SABLE.JORDAN,tempdata/flower_ROSEWAY_SABLE.JORDAN.png
38,ROSEWAY_SABLE.JORDAN,38,ROSEWAY_SABLE.JORDAN,tempdata/flower_ROSEWAY_SABLE.JORDAN.png
38,ROSEWAY_SABLE.JORDAN,38,ROSEWAY_SABLE.JORDAN,tempdata/flower_ROSEWAY_SABLE.JORDAN.png
39,BARRINGTON_CLYDE,39,BARRINGTON_CLYDE,tempdata/flower_BARRINGTON_CLYDE.png
39,BARRINGTON_CLYDE,39,BARRINGTON_CLYDE,tempdata/flower_BARRINGTON_CLYDE.png
39,BARRINGTON_CLYDE,39,BARRINGTON_CLYDE,tempdata/flower_BARRINGTON_CLYDE.png
39,BARRINGTON_CLYDE,39,BARRINGTON_CLYDE,tempdata/flower_BARRINGTON_CLYDE.png
39,BARRINGTON_CLYDE,39,BARRINGTON_CLYDE,tempdata/flower_BARRINGTON_CLYDE.png
39,BARRINGTON_CLYDE,39,BARRINGTON_CLYDE,tempdata/flower_BARRINGTON_CLYDE.png
39,BARRINGTON_CLYDE,39,BARRINGTON_CLYDE,tempdata/flower_BARRINGTON_CLYDE.png
39,BARRINGTON_CLYDE,39,BARRINGTON_CLYDE,tempdata/flower_BARRINGTON_CLYDE.png
39,BARRINGTON_CLYDE,39,BARRINGTON_CLYDE,tempdata/flower_BARRINGTON_CLYDE.png
39,BARRINGTON_CLYDE,39,BARRINGTON_CLYDE,tempdata/flower_BARRINGTON_CLYDE.png
39,BARRINGTON_CLYDE,39,BARRINGTON_CLYDE,tempdata/flower_BARRINGTON_CLYDE.png
39,BARRINGTON_CLYDE,39,BARRINGTON_CLYDE,tempdata/flower_BARRINGTON_CLYDE.png
39,BARRINGTON_CLYDE,39,BARRINGTON_CLYDE,tempdata/flower_BARRINGTON_CLYDE.png
39,BARRINGTON_CLYDE,39,BARRINGTON_CLYDE,tempdata/flower_BARRINGTON_CLYDE.png
39,BARRINGTON_CLYDE,39,BARRINGTON_CLYDE,tempdata/flower_BARRINGTON_CLYDE.png
39,BARRINGTON_CLYDE,39,BARRINGTON_CLYDE,tempdata/flower_BARRINGTON_CLYDE.png
39,BARRINGTON_CLYDE,39,BARRINGTON_CLYDE,tempdata/flower_BARRINGTON_CLYDE.png
39,BARRINGTON_CLYDE,39,BARRINGTON_CLYDE,tempdata/flower_BARRINGTON_CLYDE.png
39,BARRINGTON_CLYDE,39,BARRINGTON_CLYDE,tempdata/flower_BARRINGTON_CLYDE.png
39,BARRINGTON_CLYDE,39,BARRINGTON_CLYDE,tempdata/flower_BARRINGTON_CLYDE.png
39,BARRINGTON_CLYDE,39,BARRINGTON_CLYDE,tempdata/flower_BARRINGTON_CLYDE.png
39,BARRINGTON_CLYDE,39,BARRINGTON_CLYDE,tempdata/flower_BARRINGTON_CLYDE.png
39,BARRINGTON_CLYDE,39,BARRINGTON_CLYDE,tempdata/flower_BARRINGTON_CLYDE.png
40,TUSKET_RIVER,40,TUSKET_RIVER,tempdata/flower_TUSKET_RIVER.png
40,TUSKET_RIVER,40,TUSKET_RIVER,tempdata/flower_TUSKET_RIVER.png
40,TUSKET_RIVER,40,TUSKET_RIVER,tempdata/flower_TUSKET_RIVER.png
40,TUSKET_RIVER,40,TUSKET_RIVER,tempdata/flower_TUSKET_RIVER.png
40,TUSKET_RIVER,40,TUSKET_RIVER,tempdata/flower_TUSKET_RIVER.png
40,TUSKET_RIVER,40,TUSKET_RIVER,tempdata/flower_TUSKET_RIVER.png
40,TUSKET_RIVER,40,TUSKET_RIVER,tempdata/flower_TUSKET_RIVER.png
40,TUSKET_RIVER,40,TUSKET_RIVER,tempdata/flower_TUSKET_RIVER.png
40,TUSKET_RIVER,40,TUSKET_RIVER,tempdata/flower_TUSKET_RIVER.png
40,TUSKET_RIVER,40,TUSKET_RIVER,tempdata/flower_TUSKET_RIVER.png
40,TUSKET_RIVER,40,TUSKET_RIVER,tempdata/flower_TUSKET_RIVER.png
40,TUSKET_RIVER,40,TUSKET_RIVER,tempdata/flower_TUSKET_RIVER.png
40,TUSKET_RIVER,40,TUSKET_RIVER,tempdata/flower_TUSKET_RIVER.png
40,TUSKET_RIVER,40,TUSKET_RIVER,tempdata/flower_TUSKET_RIVER.png
40,TUSKET_RIVER,40,TUSKET_RIVER,tempdata/flower_TUSKET_RIVER.png
40,TUSKET_RIVER,40,TUSKET_RIVER,tempdata/flower_TUSKET_RIVER.png
40,TUSKET_RIVER,40,TUSKET_RIVER,tempdata/flower_TUSKET_RIVER.png
40,TUSKET_RIVER,40,TUSKET_RIVER,tempdata/flower_TUSKET_RIVER.png
40,TUSKET_RIVER,40,TUSKET_RIVER,tempdata/flower_TUSKET_RIVER.png
40,TUSKET_RIVER,40,TUSKET_RIVER,tempdata/flower_TUSKET_RIVER.png
40,TUSKET_RIVER,40,TUSKET_RIVER,tempdata/flower_TUSKET_RIVER.png
40,TUSKET_RIVER,40,TUSKET_RIVER,tempdata/flower_TUSKET_RIVER.png
40,TUSKET_RIVER,40,TUSKET_RIVER,tempdata/flower_TUSKET_RIVER.png
41,LISCOMB,41,LISCOMB,tempdata/flower_LISCOMB.png
41,LISCOMB,41,LISCOMB,tempdata/flower_LISCOMB.png
41,LISCOMB,41,LISCOMB,tempdata/flower_LISCOMB.png
41,LISCOMB,41,LISCOMB,tempdata/flower_LISCOMB.png
41,LISCOMB,41,LISCOMB,tempdata/flower_LISCOMB.png
41,LISCOMB,41,LISCOMB,tempdata/flower_LISCOMB.png
41,LISCOMB,41,LISCOMB,tempdata/flower_LISCOMB.png
41,LISCOMB,41,LISCOMB,tempdata/flower_LISCOMB.png
41,LISCOMB,41,LISCOMB,tempdata/flower_LISCOMB.png
41,LISCOMB,41,LISCOMB,tempdata/flower_LISCOMB.png
41,LISCOMB,41,LISCOMB,tempdata/flower_LISCOMB.png
41,LISCOMB,41,LISCOMB,tempdata/flower_LISCOMB.png
41,LISCOMB,41,LISCOMB,tempdata/flower_LISCOMB.png
41,LISCOMB,41,LISCOMB,tempdata/flower_LISCOMB.png
41,LISCOMB,41,LISCOMB,tempdata/flower_LISCOMB.png
41,LISCOMB,41,LISCOMB,tempdata/flower_LISCOMB.png
41,LISCOMB,41,LISCOMB,tempdata/flower_LISCOMB.png
41,LISCOMB,41,LISCOMB,tempdata/flower_LISCOMB.png
41,LISCOMB,41,LISCOMB,tempdata/flower_LISCOMB.png
41,LISCOMB,41,LISCOMB,tempdata/flower_LISCOMB.png
41,LISCOMB,41,LISCOMB,tempdata/flower_LISCOMB.png
41,LISCOMB,41,LISCOMB,tempdata/flower_LISCOMB.png
41,LISCOMB,41,LISCOMB,tempdata/flower_LISCOMB.png
42,EAST_MIDDLE.WEST..PICTOU.,42,EAST_MIDDLE.WEST..PICTOU.,tempdata/flower_EAST_MIDDLE.WEST..PICTOU..png
42,EAST_MIDDLE.WEST..PICTOU.,42,EAST_MIDDLE.WEST..PICTOU.,tempdata/flower_EAST_MIDDLE.WEST..PICTOU..png
42,EAST_MIDDLE.WEST..PICTOU.,42,EAST_MIDDLE.WEST..PICTOU.,tempdata/flower_EAST_MIDDLE.WEST..PICTOU..png
42,EAST_MIDDLE.WEST..PICTOU.,42,EAST_MIDDLE.WEST..PICTOU.,tempdata/flower_EAST_MIDDLE.WEST..PICTOU..png
42,EAST_MIDDLE.WEST..PICTOU.,42,EAST_MIDDLE.WEST..PICTOU.,tempdata/flower_EAST_MIDDLE.WEST..PICTOU..png
42,EAST_MIDDLE.WEST..PICTOU.,42,EAST_MIDDLE.WEST..PICTOU.,tempdata/flower_EAST_MIDDLE.WEST..PICTOU..png
42,EAST_MIDDLE.WEST..PICTOU.,42,EAST_MIDDLE.WEST..PICTOU.,tempdata/flower_EAST_MIDDLE.WEST..PICTOU..png
42,EAST_MIDDLE.WEST..PICTOU.,42,EAST_MIDDLE.WEST..PICTOU.,tempdata/flower_EAST_MIDDLE.WEST..PICTOU..png
42,EAST_MIDDLE.WEST..PICTOU.,42,EAST_MIDDLE.WEST..PICTOU.,tempdata/flower_EAST_MIDDLE.WEST..PICTOU..png
42,EAST_MIDDLE.WEST..PICTOU.,42,EAST_MIDDLE.WEST..PICTOU.,tempdata/flower_EAST_MIDDLE.WEST..PICTOU..png
42,EAST_MIDDLE.WEST..PICTOU.,42,EAST_MIDDLE.WEST..PICTOU.,tempdata/flower_EAST_MIDDLE.WEST..PICTOU..png
42,EAST_MIDDLE.WEST..PICTOU.,42,EAST_MIDDLE.WEST..PICTOU.,tempdata/flower_EAST_MIDDLE.WEST..PICTOU..png
42,EAST_MIDDLE.WEST..PICTOU.,42,EAST_MIDDLE.WEST..PICTOU.,tempdata/flower_EAST_MIDDLE.WEST..PICTOU..png
42,EAST_MIDDLE.WEST..PICTOU.,42,EAST_MIDDLE.WEST..PICTOU.,tempdata/flower_EAST_MIDDLE.WEST..PICTOU..png
42,EAST_MIDDLE.WEST..PICTOU.,42,EAST_MIDDLE.WEST..PICTOU.,tempdata/flower_EAST_MIDDLE.WEST..PICTOU..png
42,EAST_MIDDLE.WEST..PICTOU.,42,EAST_MIDDLE.WEST..PICTOU.,tempdata/flower_EAST_MIDDLE.WEST..PICTOU..png
42,EAST_MIDDLE.WEST..PICTOU.,42,EAST_MIDDLE.WEST..PICTOU.,tempdata/flower_EAST_MIDDLE.WEST..PICTOU..png
42,EAST_MIDDLE.WEST..PICTOU.,42,EAST_MIDDLE.WEST..PICTOU.,tempdata/flower_EAST_MIDDLE.WEST..PICTOU..png
42,EAST_MIDDLE.WEST..PICTOU.,42,EAST_MIDDLE.WEST..PICTOU.,tempdata/flower_EAST_MIDDLE.WEST..PICTOU..png
42,EAST_MIDDLE.WEST..PICTOU.,42,EAST_MIDDLE.WEST..PICTOU.,tempdata/flower_EAST_MIDDLE.WEST..PICTOU..png
42,EAST_MIDDLE.WEST..PICTOU.,42,EAST_MIDDLE.WEST..PICTOU.,tempdata/flower_EAST_MIDDLE.WEST..PICTOU..png
42,EAST_MIDDLE.WEST..PICTOU.,42,EAST_MIDDLE.WEST..PICTOU.,tempdata/flower_EAST_MIDDLE.WEST..PICTOU..png
42,EAST_MIDDLE.WEST..PICTOU.,42,EAST_MIDDLE.WEST..PICTOU.,tempdata/flower_EAST_MIDDLE.WEST..PICTOU..png
43,COUNTRY_HARBOUR,43,COUNTRY_HARBOUR,tempdata/flower_COUNTRY_HARBOUR.png
43,COUNTRY_HARBOUR,43,COUNTRY_HARBOUR,tempdata/flower_COUNTRY_HARBOUR.png
43,COUNTRY_HARBOUR,43,COUNTRY_HARBOUR,tempdata/flower_COUNTRY_HARBOUR.png
43,COUNTRY_HARBOUR,43,COUNTRY_HARBOUR,tempdata/flower_COUNTRY_HARBOUR.png
43,COUNTRY_HARBOUR,43,COUNTRY_HARBOUR,tempdata/flower_COUNTRY_HARBOUR.png
43,COUNTRY_HARBOUR,43,COUNTRY_HARBOUR,tempdata/flower_COUNTRY_HARBOUR.png
43,COUNTRY_HARBOUR,43,COUNTRY_HARBOUR,tempdata/flower_COUNTRY_HARBOUR.png
43,COUNTRY_HARBOUR,43,COUNTRY_HARBOUR,tempdata/flower_COUNTRY_HARBOUR.png
43,COUNTRY_HARBOUR,43,COUNTRY_HARBOUR,tempdata/flower_COUNTRY_HARBOUR.png
43,COUNTRY_HARBOUR,43,COUNTRY_HARBOUR,tempdata/flower_COUNTRY_HARBOUR.png
43,COUNTRY_HARBOUR,43,COUNTRY_HARBOUR,tempdata/flower_COUNTRY_HARBOUR.png
43,COUNTRY_HARBOUR,43,COUNTRY_HARBOUR,tempdata/flower_COUNTRY_HARBOUR.png
43,COUNTRY_HARBOUR,43,COUNTRY_HARBOUR,tempdata/flower_COUNTRY_HARBOUR.png
43,COUNTRY_HARBOUR,43,COUNTRY_HARBOUR,tempdata/flower_COUNTRY_HARBOUR.png
43,COUNTRY_HARBOUR,43,COUNTRY_HARBOUR,tempdata/flower_COUNTRY_HARBOUR.png
43,COUNTRY_HARBOUR,43,COUNTRY_HARBOUR,tempdata/flower_COUNTRY_HARBOUR.png
43,COUNTRY_HARBOUR,43,COUNTRY_HARBOUR,tempdata/flower_COUNTRY_HARBOUR.png
43,COUNTRY_HARBOUR,43,COUNTRY_HARBOUR,tempdata/flower_COUNTRY_HARBOUR.png
43,COUNTRY_HARBOUR,43,COUNTRY_HARBOUR,tempdata/flower_COUNTRY_HARBOUR.png
43,COUNTRY_HARBOUR,43,COUNTRY_HARBOUR,tempdata/flower_COUNTRY_HARBOUR.png
43,COUNTRY_HARBOUR,43,COUNTRY_HARBOUR,tempdata/flower_COUNTRY_HARBOUR.png
43,COUNTRY_HARBOUR,43,COUNTRY_HARBOUR,tempdata/flower_COUNTRY_HARBOUR.png
43,COUNTRY_HARBOUR,43,COUNTRY_HARBOUR,tempdata/flower_COUNTRY_HARBOUR.png
44,NEW_HBR.SALMON,44,NEW_HBR.SALMON,tempdata/flower_NEW_HBR.SALMON.png
44,NEW_HBR.SALMON,44,NEW_HBR.SALMON,tempdata/flower_NEW_HBR.SALMON.png
44,NEW_HBR.SALMON,44,NEW_HBR.SALMON,tempdata/flower_NEW_HBR.SALMON.png
44,NEW_HBR.SALMON,44,NEW_HBR.SALMON,tempdata/flower_NEW_HBR.SALMON.png
44,NEW_HBR.SALMON,44,NEW_HBR.SALMON,tempdata/flower_NEW_HBR.SALMON.png
44,NEW_HBR.SALMON,44,NEW_HBR.SALMON,tempdata/flower_NEW_HBR.SALMON.png
44,NEW_HBR.SALMON,44,NEW_HBR.SALMON,tempdata/flower_NEW_HBR.SALMON.png
44,NEW_HBR.SALMON,44,NEW_HBR.SALMON,tempdata/flower_NEW_HBR.SALMON.png
44,NEW_HBR.SALMON,44,NEW_HBR.SALMON,tempdata/flower_NEW_HBR.SALMON.png
44,NEW_HBR.SALMON,44,NEW_HBR.SALMON,tempdata/flower_NEW_HBR.SALMON.png
44,NEW_HBR.SALMON,44,NEW_HBR.SALMON,tempdata/flower_NEW_HBR.SALMON.png
44,NEW_HBR.SALMON,44,NEW_HBR.SALMON,tempdata/flower_NEW_HBR.SALMON.png
44,NEW_HBR.SALMON,44,NEW_HBR.SALMON,tempdata/flower_NEW_HBR.SALMON.png
44,NEW_HBR.SALMON,44,NEW_HBR.SALMON,tempdata/flower_NEW_HBR.SALMON.png
44,NEW_HBR.SALMON,44,NEW_HBR.SALMON,tempdata/flower_NEW_HBR.SALMON.png
44,NEW_HBR.SALMON,44,NEW_HBR.SALMON,tempdata/flower_NEW_HBR.SALMON.png
44,NEW_HBR.SALMON,44,NEW_HBR.SALMON,tempdata/flower_NEW_HBR.SALMON.png
44,NEW_HBR.SALMON,44,NEW_HBR.SALMON,tempdata/flower_NEW_HBR.SALMON.png
44,NEW_HBR.SALMON,44,NEW_HBR.SALMON,tempdata/flower_NEW_HBR.SALMON.png
44,NEW_HBR.SALMON,44,NEW_HBR.SALMON,tempdata/flower_NEW_HBR.SALMON.png
44,NEW_HBR.SALMON,44,NEW_HBR.SALMON,tempdata/flower_NEW_HBR.SALMON.png
44,NEW_HBR.SALMON,44,NEW_HBR.SALMON,tempdata/flower_NEW_HBR.SALMON.png
44,NEW_HBR.SALMON,44,NEW_HBR.SALMON,tempdata/flower_NEW_HBR.SALMON.png
45,ST_.MARYS,45,ST_.MARYS,tempdata/flower_ST_.MARYS.png
45,ST_.MARYS,45,ST_.MARYS,tempdata/flower_ST_.MARYS.png
45,ST_.MARYS,45,ST_.MARYS,tempdata/flower_ST_.MARYS.png
45,ST_.MARYS,45,ST_.MARYS,tempdata/flower_ST_.MARYS.png
45,ST_.MARYS,45,ST_.MARYS,tempdata/flower_ST_.MARYS.png
45,ST_.MARYS,45,ST_.MARYS,tempdata/flower_ST_.MARYS.png
45,ST_.MARYS,45,ST_.MARYS,tempdata/flower_ST_.MARYS.png
45,ST_.MARYS,45,ST_.MARYS,tempdata/flower_ST_.MARYS.png
45,ST_.MARYS,45,ST_.MARYS,tempdata/flower_ST_.MARYS.png
45,ST_.MARYS,45,ST_.MARYS,tempdata/flower_ST_.MARYS.png
45,ST_.MARYS,45,ST_.MARYS,tempdata/flower_ST_.MARYS.png
45,ST_.MARYS,45,ST_.MARYS,tempdata/flower_ST_.MARYS.png
45,ST_.MARYS,45,ST_.MARYS,tempdata/flower_ST_.MARYS.png
45,ST_.MARYS,45,ST_.MARYS,tempdata/flower_ST_.MARYS.png
45,ST_.MARYS,45,ST_.MARYS,tempdata/flower_ST_.MARYS.png
45,ST_.MARYS,45,ST_.MARYS,tempdata/flower_ST_.MARYS.png
45,ST_.MARYS,45,ST_.MARYS,tempdata/flower_ST_.MARYS.png
45,ST_.MARYS,45,ST_.MARYS,tempdata/flower_ST_.MARYS.png
45,ST_.MARYS,45,ST_.MARYS,tempdata/flower_ST_.MARYS.png
45,ST_.MARYS,45,ST_.MARYS,tempdata/flower_ST_.MARYS.png
45,ST_.MARYS,45,ST_.MARYS,tempdata/flower_ST_.MARYS.png
45,ST_.MARYS,45,ST_.MARYS,tempdata/flower_ST_.MARYS.png
45,ST_.MARYS,45,ST_.MARYS,tempdata/flower_ST_.MARYS.png
46,TRACADIE,46,TRACADIE,tempdata/flower_TRACADIE.png
46,TRACADIE,46,TRACADIE,tempdata/flower_TRACADIE.png
46,TRACADIE,46,TRACADIE,tempdata/flower_TRACADIE.png
46,TRACADIE,46,TRACADIE,tempdata/flower_TRACADIE.png
46,TRACADIE,46,TRACADIE,tempdata/flower_TRACADIE.png
46,TRACADIE,46,TRACADIE,tempdata/flower_TRACADIE.png
46,TRACADIE,46,TRACADIE,tempdata/flower_TRACADIE.png
46,TRACADIE,46,TRACADIE,tempdata/flower_TRACADIE.png
46,TRACADIE,46,TRACADIE,tempdata/flower_TRACADIE.png
46,TRACADIE,46,TRACADIE,tempdata/flower_TRACADIE.png
46,TRACADIE,46,TRACADIE,tempdata/flower_TRACADIE.png
46,TRACADIE,46,TRACADIE,tempdata/flower_TRACADIE.png
46,TRACADIE,46,TRACADIE,tempdata/flower_TRACADIE.png
46,TRACADIE,46,TRACADIE,tempdata/flower_TRACADIE.png
46,TRACADIE,46,TRACADIE,tempdata/flower_TRACADIE.png
46,TRACADIE,46,TRACADIE,tempdata/flower_TRACADIE.png
46,TRACADIE,46,TRACADIE,tempdata/flower_TRACADIE.png
46,TRACADIE,46,TRACADIE,tempdata/flower_TRACADIE.png
46,TRACADIE,46,TRACADIE,tempdata/flower_TRACADIE.png
46,TRACADIE,46,TRACADIE,tempdata/flower_TRACADIE.png
46,TRACADIE,46,TRACADIE,tempdata/flower_TRACADIE.png
46,TRACADIE,46,TRACADIE,tempdata/flower_TRACADIE.png
46,TRACADIE,46,TRACADIE,tempdata/flower_TRACADIE.png
47,CLAM_HRB.ST..FRANCIS,47,CLAM_HRB.ST..FRANCIS,tempdata/flower_CLAM_HRB.ST..FRANCIS.png
47,CLAM_HRB.ST..FRANCIS,47,CLAM_HRB.ST..FRANCIS,tempdata/flower_CLAM_HRB.ST..FRANCIS.png
47,CLAM_HRB.ST..FRANCIS,47,CLAM_HRB.ST..FRANCIS,tempdata/flower_CLAM_HRB.ST..FRANCIS.png
47,CLAM_HRB.ST..FRANCIS,47,CLAM_HRB.ST..FRANCIS,tempdata/flower_CLAM_HRB.ST..FRANCIS.png
47,CLAM_HRB.ST..FRANCIS,47,CLAM_HRB.ST..FRANCIS,tempdata/flower_CLAM_HRB.ST..FRANCIS.png
47,CLAM_HRB.ST..FRANCIS,47,CLAM_HRB.ST..FRANCIS,tempdata/flower_CLAM_HRB.ST..FRANCIS.png
47,CLAM_HRB.ST..FRANCIS,47,CLAM_HRB.ST..FRANCIS,tempdata/flower_CLAM_HRB.ST..FRANCIS.png
47,CLAM_HRB.ST..FRANCIS,47,CLAM_HRB.ST..FRANCIS,tempdata/flower_CLAM_HRB.ST..FRANCIS.png
47,CLAM_HRB.ST..FRANCIS,47,CLAM_HRB.ST..FRANCIS,tempdata/flower_CLAM_HRB.ST..FRANCIS.png
47,CLAM_HRB.ST..FRANCIS,47,CLAM_HRB.ST..FRANCIS,tempdata/flower_CLAM_HRB.ST..FRANCIS.png
47,CLAM_HRB.ST..FRANCIS,47,CLAM_HRB.ST..FRANCIS,tempdata/flower_CLAM_HRB.ST..FRANCIS.png
47,CLAM_HRB.ST..FRANCIS,47,CLAM_HRB.ST..FRANCIS,tempdata/flower_CLAM_HRB.ST..FRANCIS.png
47,CLAM_HRB.ST..FRANCIS,47,CLAM_HRB.ST..FRANCIS,tempdata/flower_CLAM_HRB.ST..FRANCIS.png
47,CLAM_HRB.ST..FRANCIS,47,CLAM_HRB.ST..FRANCIS,tempdata/flower_CLAM_HRB.ST..FRANCIS.png
47,CLAM_HRB.ST..FRANCIS,47,CLAM_HRB.ST..FRANCIS,tempdata/flower_CLAM_HRB.ST..FRANCIS.png
47,CLAM_HRB.ST..FRANCIS,47,CLAM_HRB.ST..FRANCIS,tempdata/flower_CLAM_HRB.ST..FRANCIS.png
47,CLAM_HRB.ST..FRANCIS,47,CLAM_HRB.ST..FRANCIS,tempdata/flower_CLAM_HRB.ST..FRANCIS.png
47,CLAM_HRB.ST..FRANCIS,47,CLAM_HRB.ST..FRANCIS,tempdata/flower_CLAM_HRB.ST..FRANCIS.png
47,CLAM_HRB.ST..FRANCIS,47,CLAM_HRB.ST..FRANCIS,tempdata/flower_CLAM_HRB.ST..FRANCIS.png
47,CLAM_HRB.ST..FRANCIS,47,CLAM_HRB.ST..FRANCIS,tempdata/flower_CLAM_HRB.ST..FRANCIS.png
47,CLAM_HRB.ST..FRANCIS,47,CLAM_HRB.ST..FRANCIS,tempdata/flower_CLAM_HRB.ST..FRANCIS.png
47,CLAM_HRB.ST..FRANCIS,47,CLAM_HRB.ST..FRANCIS,tempdata/flower_CLAM_HRB.ST..FRANCIS.png
47,CLAM_HRB.ST..FRANCIS,47,CLAM_HRB.ST..FRANCIS,tempdata/flower_CLAM_HRB.ST..FRANCIS.png
48,SOUTH_WEST,48,SOUTH_WEST,tempdata/flower_SOUTH_WEST.png
48,SOUTH_WEST,48,SOUTH_WEST,tempdata/flower_SOUTH_WEST.png
48,SOUTH_WEST,48,SOUTH_WEST,tempdata/flower_SOUTH_WEST.png
48,SOUTH_WEST,48,SOUTH_WEST,tempdata/flower_SOUTH_WEST.png
48,SOUTH_WEST,48,SOUTH_WEST,tempdata/flower_SOUTH_WEST.png
48,SOUTH_WEST,48,SOUTH_WEST,tempdata/flower_SOUTH_WEST.png
48,SOUTH_WEST,48,SOUTH_WEST,tempdata/flower_SOUTH_WEST.png
48,SOUTH_WEST,48,SOUTH_WEST,tempdata/flower_SOUTH_WEST.png
48,SOUTH_WEST,48,SOUTH_WEST,tempdata/flower_SOUTH_WEST.png
48,SOUTH_WEST,48,SOUTH_WEST,tempdata/flower_SOUTH_WEST.png
48,SOUTH_WEST,48,SOUTH_WEST,tempdata/flower_SOUTH_WEST.png
48,SOUTH_WEST,48,SOUTH_WEST,tempdata/flower_SOUTH_WEST.png
48,SOUTH_WEST,48,SOUTH_WEST,tempdata/flower_SOUTH_WEST.png
48,SOUTH_WEST,48,SOUTH_WEST,tempdata/flower_SOUTH_WEST.png
48,SOUTH_WEST,48,SOUTH_WEST,tempdata/flower_SOUTH_WEST.png
48,SOUTH_WEST,48,SOUTH_WEST,tempdata/flower_SOUTH_WEST.png
48,SOUTH_WEST,48,SOUTH_WEST,tempdata/flower_SOUTH_WEST.png
48,SOUTH_WEST,48,SOUTH_WEST,tempdata/flower_SOUTH_WEST.png
48,SOUTH_WEST,48,SOUTH_WEST,tempdata/flower_SOUTH_WEST.png
48,SOUTH_WEST,48,SOUTH_WEST,tempdata/flower_SOUTH_WEST.png
48,SOUTH_WEST,48,SOUTH_WEST,tempdata/flower_SOUTH_WEST.png
48,SOUTH_WEST,48,SOUTH_WEST,tempdata/flower_SOUTH_WEST.png
48,SOUTH_WEST,48,SOUTH_WEST,tempdata/flower_SOUTH_WEST.png
49,FRENCH,49,FRENCH,tempdata/flower_FRENCH.png
49,FRENCH,49,FRENCH,tempdata/flower_FRENCH.png
49,FRENCH,49,FRENCH,tempdata/flower_FRENCH.png
49,FRENCH,49,FRENCH,tempdata/flower_FRENCH.png
49,FRENCH,49,FRENCH,tempdata/flower_FRENCH.png
49,FRENCH,49,FRENCH,tempdata/flower_FRENCH.png
49,FRENCH,49,FRENCH,tempdata/flower_FRENCH.png
49,FRENCH,49,FRENCH,tempdata/flower_FRENCH.png
49,FRENCH,49,FRENCH,tempdata/flower_FRENCH.png
49,FRENCH,49,FRENCH,tempdata/flower_FRENCH.png
49,FRENCH,49,FRENCH,tempdata/flower_FRENCH.png
49,FRENCH,49,FRENCH,tempdata/flower_FRENCH.png
49,FRENCH,49,FRENCH,tempdata/flower_FRENCH.png
49,FRENCH,49,FRENCH,tempdata/flower_FRENCH.png
49,FRENCH,49,FRENCH,tempdata/flower_FRENCH.png
49,FRENCH,49,FRENCH,tempdata/flower_FRENCH.png
49,FRENCH,49,FRENCH,tempdata/flower_FRENCH.png
49,FRENCH,49,FRENCH,tempdata/flower_FRENCH.png
49,FRENCH,49,FRENCH,tempdata/flower_FRENCH.png
49,FRENCH,49,FRENCH,tempdata/flower_FRENCH.png
49,FRENCH,49,FRENCH,tempdata/flower_FRENCH.png
49,FRENCH,49,FRENCH,tempdata/flower_FRENCH.png
49,FRENCH,49,FRENCH,tempdata/flower_FRENCH.png
