,river,g,mean_priority,metric,value,norm,score,goal
815,ROSEWAY_SABLE.JORDAN,38,0.279623236,SARproportion,0,0,0,SARproportion
816,ROSEWAY_SABLE.JORDAN,38,0.279623236,detections,3,25,25,detections
817,ROSEWAY_SABLE.JORDAN,38,0.279623236,BoatLaunch,1,50,50,BoatLaunch
818,ROSEWAY_SABLE.JORDAN,38,0.279623236,EBSAproportion,1,20,20,EBSAproportion
819,ROSEWAY_SABLE.JORDAN,38,0.279623236,NSResproportion,0,0,0,NSResproportion
820,ROSEWAY_SABLE.JORDAN,38,0.279623236,nativeFish,12,57.14285714,57.14285714,nativeFish
821,ROSEWAY_SABLE.JORDAN,38,0.279623236,RecFishproportion,4,75,75,RecFishproportion
822,ROSEWAY_SABLE.JORDAN,38,0.279623236,NSParksproportion,14,48.27586207,48.27586207,NSParksproportion
823,ROSEWAY_SABLE.JORDAN,38,0.279623236,salmon_stat_avg,0,0,0,salmon_stat_avg
824,ROSEWAY_SABLE.JORDAN,38,0.279623236,habitat_suitability_avg,0.054858247,4.204516674,4.204516674,habitat_suitability_avg
825,ROSEWAY_SABLE.JORDAN,38,0.279623236,road_desnity_avg,0.86205287,4.290032751,4.290032751,road_desnity_avg
826,ROSEWAY_SABLE.JORDAN,38,0.279623236,Temp_Vel_avg,8.952008414,19.71383994,19.71383994,Temp_Vel_avg
827,ROSEWAY_SABLE.JORDAN,38,0.279623236,X_stream_avg,0.150820886,3.02715584,3.02715584,X_stream_avg
828,ROSEWAY_SABLE.JORDAN,38,0.279623236,AqBarrier_avg,0.006216541,1.152783514,1.152783514,AqBarrier_avg
829,ROSEWAY_SABLE.JORDAN,38,0.279623236,urban_land_avg,3.444965771,7.921764822,7.921764822,urban_land_avg
830,ROSEWAY_SABLE.JORDAN,38,0.279623236,clear_cut_avg,1.242820643,6.12393286,6.12393286,clear_cut_avg
831,ROSEWAY_SABLE.JORDAN,38,0.279623236,agri_avg,0.097801633,0.179366247,0.179366247,agri_avg
832,ROSEWAY_SABLE.JORDAN,38,0.279623236,Impv_avg,0.038500967,0.160249868,0.160249868,Impv_avg
833,ROSEWAY_SABLE.JORDAN,38,0.279623236,N_Leach_avg,0,0,0,N_Leach_avg
834,ROSEWAY_SABLE.JORDAN,38,0.279623236,P_Leach_avg,0,0,0,P_Leach_avg
835,ROSEWAY_SABLE.JORDAN,38,0.279623236,pesticide_avg,0,0,0,pesticide_avg
836,ROSEWAY_SABLE.JORDAN,38,0.279623236,pollution_avg,0,0,0,pollution_avg
573,ST_.CROIX,27,0.28830717,SARproportion,0.195743449,19.6473916,19.6473916,SARproportion
574,ST_.CROIX,27,0.28830717,detections,2,16.66666667,16.66666667,detections
575,ST_.CROIX,27,0.28830717,BoatLaunch,2,100,100,BoatLaunch
576,ST_.CROIX,27,0.28830717,EBSAproportion,1,20,20,EBSAproportion
577,ST_.CROIX,27,0.28830717,NSResproportion,2,40,40,NSResproportion
578,ST_.CROIX,27,0.28830717,nativeFish,16,76.19047619,76.19047619,nativeFish
579,ST_.CROIX,27,0.28830717,RecFishproportion,4,75,75,RecFishproportion
580,ST_.CROIX,27,0.28830717,NSParksproportion,6,20.68965517,20.68965517,NSParksproportion
581,ST_.CROIX,27,0.28830717,salmon_stat_avg,0,0,0,salmon_stat_avg
582,ST_.CROIX,27,0.28830717,habitat_suitability_avg,0.047434378,3.446313617,3.446313617,habitat_suitability_avg
583,ST_.CROIX,27,0.28830717,road_desnity_avg,2.054319618,49.92849927,49.92849927,road_desnity_avg
584,ST_.CROIX,27,0.28830717,Temp_Vel_avg,2.247311757,4.948961419,4.948961419,Temp_Vel_avg
585,ST_.CROIX,27,0.28830717,X_stream_avg,0.56842328,45.46075264,45.46075264,X_stream_avg
586,ST_.CROIX,27,0.28830717,AqBarrier_avg,0.058021042,10.75931188,10.75931188,AqBarrier_avg
587,ST_.CROIX,27,0.28830717,urban_land_avg,8.622293941,34.32142836,34.32142836,urban_land_avg
588,ST_.CROIX,27,0.28830717,clear_cut_avg,7.288495618,48.50916604,48.50916604,clear_cut_avg
589,ST_.CROIX,27,0.28830717,agri_avg,9.397814587,27.9450505,27.9450505,agri_avg
590,ST_.CROIX,27,0.28830717,Impv_avg,0.270350164,6.269379253,6.269379253,Impv_avg
591,ST_.CROIX,27,0.28830717,N_Leach_avg,14.58816983,43.5136644,43.5136644,N_Leach_avg
592,ST_.CROIX,27,0.28830717,P_Leach_avg,0.08756346,16.87379006,16.87379006,P_Leach_avg
593,ST_.CROIX,27,0.28830717,pesticide_avg,0.086072301,6.731057158,6.731057158,pesticide_avg
594,ST_.CROIX,27,0.28830717,pollution_avg,0,0,0,pollution_avg
617,EAST_INDIAN.RIVER,29,0.316791376,SARproportion,0,0,0,SARproportion
618,EAST_INDIAN.RIVER,29,0.316791376,detections,3,25,25,detections
619,EAST_INDIAN.RIVER,29,0.316791376,BoatLaunch,1,50,50,BoatLaunch
620,EAST_INDIAN.RIVER,29,0.316791376,EBSAproportion,2,40,40,EBSAproportion
621,EAST_INDIAN.RIVER,29,0.316791376,NSResproportion,0,0,0,NSResproportion
622,EAST_INDIAN.RIVER,29,0.316791376,nativeFish,13,61.9047619,61.9047619,nativeFish
623,EAST_INDIAN.RIVER,29,0.316791376,RecFishproportion,3,50,50,RecFishproportion
624,EAST_INDIAN.RIVER,29,0.316791376,NSParksproportion,9,31.03448276,31.03448276,NSParksproportion
625,EAST_INDIAN.RIVER,29,0.316791376,salmon_stat_avg,0,0,0,salmon_stat_avg
626,EAST_INDIAN.RIVER,29,0.316791376,habitat_suitability_avg,0.100364905,8.852131483,8.852131483,habitat_suitability_avg
627,EAST_INDIAN.RIVER,29,0.316791376,road_desnity_avg,2.228274632,56.5872777,56.5872777,road_desnity_avg
628,EAST_INDIAN.RIVER,29,0.316791376,Temp_Vel_avg,31.24379707,68.80413713,68.80413713,Temp_Vel_avg
629,EAST_INDIAN.RIVER,29,0.316791376,X_stream_avg,0.615490713,50.24338925,50.24338925,X_stream_avg
630,EAST_INDIAN.RIVER,29,0.316791376,AqBarrier_avg,0.035588828,6.599524785,6.599524785,AqBarrier_avg
631,EAST_INDIAN.RIVER,29,0.316791376,urban_land_avg,10.23432762,42.54133355,42.54133355,urban_land_avg
632,EAST_INDIAN.RIVER,29,0.316791376,clear_cut_avg,3.798443624,24.04098537,24.04098537,clear_cut_avg
633,EAST_INDIAN.RIVER,29,0.316791376,agri_avg,0.266122479,0.681897103,0.681897103,agri_avg
634,EAST_INDIAN.RIVER,29,0.316791376,Impv_avg,0.373374159,8.984018434,8.984018434,Impv_avg
635,EAST_INDIAN.RIVER,29,0.316791376,N_Leach_avg,0.191539785,0.57132581,0.57132581,N_Leach_avg
636,EAST_INDIAN.RIVER,29,0.316791376,P_Leach_avg,0.000159769,0.030788041,0.030788041,P_Leach_avg
637,EAST_INDIAN.RIVER,29,0.316791376,pesticide_avg,0,0,0,pesticide_avg
638,EAST_INDIAN.RIVER,29,0.316791376,pollution_avg,0,0,0,pollution_avg
309,RIVER_JOHN,15,0.361753195,SARproportion,0.048637757,4.881926125,4.881926125,SARproportion
310,RIVER_JOHN,15,0.361753195,detections,2,16.66666667,16.66666667,detections
311,RIVER_JOHN,15,0.361753195,BoatLaunch,0,0,0,BoatLaunch
312,RIVER_JOHN,15,0.361753195,EBSAproportion,0,0,0,EBSAproportion
313,RIVER_JOHN,15,0.361753195,NSResproportion,0,0,0,NSResproportion
314,RIVER_JOHN,15,0.361753195,nativeFish,11,52.38095238,52.38095238,nativeFish
315,RIVER_JOHN,15,0.361753195,RecFishproportion,3,50,50,RecFishproportion
316,RIVER_JOHN,15,0.361753195,NSParksproportion,5,17.24137931,17.24137931,NSParksproportion
317,RIVER_JOHN,15,0.361753195,salmon_stat_avg,0,0,0,salmon_stat_avg
318,RIVER_JOHN,15,0.361753195,habitat_suitability_avg,0.541599411,53.91560392,53.91560392,habitat_suitability_avg
319,RIVER_JOHN,15,0.361753195,road_desnity_avg,2.264584517,57.97717426,57.97717426,road_desnity_avg
320,RIVER_JOHN,15,0.361753195,Temp_Vel_avg,1.146860853,2.525581998,2.525581998,Temp_Vel_avg
321,RIVER_JOHN,15,0.361753195,X_stream_avg,0.654779624,54.23563119,54.23563119,X_stream_avg
322,RIVER_JOHN,15,0.361753195,AqBarrier_avg,0.030240567,5.607753398,5.607753398,AqBarrier_avg
323,RIVER_JOHN,15,0.361753195,urban_land_avg,6.227221812,22.10873944,22.10873944,urban_land_avg
324,RIVER_JOHN,15,0.361753195,clear_cut_avg,5.485385231,35.8678556,35.8678556,clear_cut_avg
325,RIVER_JOHN,15,0.361753195,agri_avg,15.52087309,46.22576796,46.22576796,agri_avg
326,RIVER_JOHN,15,0.361753195,Impv_avg,0.044539034,0.3193504,0.3193504,Impv_avg
327,RIVER_JOHN,15,0.361753195,N_Leach_avg,17.65105115,52.64964178,52.64964178,N_Leach_avg
328,RIVER_JOHN,15,0.361753195,P_Leach_avg,0.139641974,26.90950467,26.90950467,P_Leach_avg
329,RIVER_JOHN,15,0.361753195,pesticide_avg,0.01282002,1.002555803,1.002555803,pesticide_avg
330,RIVER_JOHN,15,0.361753195,pollution_avg,0,0,0,pollution_avg
375,ISLE_MADAME,18,0.36289618,SARproportion,0,0,0,SARproportion
376,ISLE_MADAME,18,0.36289618,detections,1,8.333333333,8.333333333,detections
377,ISLE_MADAME,18,0.36289618,BoatLaunch,1,50,50,BoatLaunch
378,ISLE_MADAME,18,0.36289618,EBSAproportion,0,0,0,EBSAproportion
379,ISLE_MADAME,18,0.36289618,NSResproportion,0,0,0,NSResproportion
380,ISLE_MADAME,18,0.36289618,nativeFish,6,28.57142857,28.57142857,nativeFish
381,ISLE_MADAME,18,0.36289618,RecFishproportion,1,0,0,RecFishproportion
382,ISLE_MADAME,18,0.36289618,NSParksproportion,1,3.448275862,3.448275862,NSParksproportion
383,ISLE_MADAME,18,0.36289618,salmon_stat_avg,0,0,0,salmon_stat_avg
384,ISLE_MADAME,18,0.36289618,habitat_suitability_avg,0.887179104,89.20980871,89.20980871,habitat_suitability_avg
385,ISLE_MADAME,18,0.36289618,road_desnity_avg,2.555350603,69.1073331,69.1073331,road_desnity_avg
386,ISLE_MADAME,18,0.36289618,Temp_Vel_avg,0,0,0,Temp_Vel_avg
387,ISLE_MADAME,18,0.36289618,X_stream_avg,0.775573878,66.50982974,66.50982974,X_stream_avg
388,ISLE_MADAME,18,0.36289618,AqBarrier_avg,0.015623449,2.897182721,2.897182721,AqBarrier_avg
389,ISLE_MADAME,18,0.36289618,urban_land_avg,10.48627588,43.82604047,43.82604047,urban_land_avg
390,ISLE_MADAME,18,0.36289618,clear_cut_avg,1.593545795,8.582809232,8.582809232,clear_cut_avg
391,ISLE_MADAME,18,0.36289618,agri_avg,1.896019608,5.548041835,5.548041835,agri_avg
392,ISLE_MADAME,18,0.36289618,Impv_avg,0.343788979,8.204461314,8.204461314,Impv_avg
393,ISLE_MADAME,18,0.36289618,N_Leach_avg,0,0,0,N_Leach_avg
394,ISLE_MADAME,18,0.36289618,P_Leach_avg,0,0,0,P_Leach_avg
395,ISLE_MADAME,18,0.36289618,pesticide_avg,0,0,0,pesticide_avg
396,ISLE_MADAME,18,0.36289618,pollution_avg,0,0,0,pollution_avg
749,MERSEY,35,0.363794506,SARproportion,0,0,0,SARproportion
750,MERSEY,35,0.363794506,detections,6,50,50,detections
751,MERSEY,35,0.363794506,BoatLaunch,1,50,50,BoatLaunch
752,MERSEY,35,0.363794506,EBSAproportion,1,20,20,EBSAproportion
753,MERSEY,35,0.363794506,NSResproportion,1,20,20,NSResproportion
754,MERSEY,35,0.363794506,nativeFish,16,76.19047619,76.19047619,nativeFish
755,MERSEY,35,0.363794506,RecFishproportion,4,75,75,RecFishproportion
756,MERSEY,35,0.363794506,NSParksproportion,29,100,100,NSParksproportion
757,MERSEY,35,0.363794506,salmon_stat_avg,0,0,0,salmon_stat_avg
758,MERSEY,35,0.363794506,habitat_suitability_avg,0.235015251,22.60402995,22.60402995,habitat_suitability_avg
759,MERSEY,35,0.363794506,road_desnity_avg,0.89844732,5.683166373,5.683166373,road_desnity_avg
760,MERSEY,35,0.363794506,Temp_Vel_avg,6.480284873,14.27068573,14.27068573,Temp_Vel_avg
761,MERSEY,35,0.363794506,X_stream_avg,0.121029692,0,0,X_stream_avg
762,MERSEY,35,0.363794506,AqBarrier_avg,0.013361129,2.477662368,2.477662368,AqBarrier_avg
763,MERSEY,35,0.363794506,urban_land_avg,3.93119593,10.40109628,10.40109628,urban_land_avg
764,MERSEY,35,0.363794506,clear_cut_avg,3.354963176,20.93181687,20.93181687,clear_cut_avg
765,MERSEY,35,0.363794506,agri_avg,0.217529399,0.536819873,0.536819873,agri_avg
766,MERSEY,35,0.363794506,Impv_avg,0.035391537,0.078317687,0.078317687,Impv_avg
767,MERSEY,35,0.363794506,N_Leach_avg,1.848999824,5.515205727,5.515205727,N_Leach_avg
768,MERSEY,35,0.363794506,P_Leach_avg,0.000153788,0.029635478,0.029635478,P_Leach_avg
769,MERSEY,35,0.363794506,pesticide_avg,6.28E-05,0.004911178,0.004911178,pesticide_avg
770,MERSEY,35,0.363794506,pollution_avg,0,0,0,pollution_avg
419,ECONOMY,20,0.368024571,SARproportion,0.169269208,16.99008801,16.99008801,SARproportion
420,ECONOMY,20,0.368024571,detections,1,8.333333333,8.333333333,detections
421,ECONOMY,20,0.368024571,BoatLaunch,0,0,0,BoatLaunch
422,ECONOMY,20,0.368024571,EBSAproportion,1,20,20,EBSAproportion
423,ECONOMY,20,0.368024571,NSResproportion,0,0,0,NSResproportion
424,ECONOMY,20,0.368024571,nativeFish,7,33.33333333,33.33333333,nativeFish
425,ECONOMY,20,0.368024571,RecFishproportion,2,25,25,RecFishproportion
426,ECONOMY,20,0.368024571,NSParksproportion,9,31.03448276,31.03448276,NSParksproportion
427,ECONOMY,20,0.368024571,salmon_stat_avg,0,0,0,salmon_stat_avg
428,ECONOMY,20,0.368024571,habitat_suitability_avg,0.013690141,0,0,habitat_suitability_avg
429,ECONOMY,20,0.368024571,road_desnity_avg,2.271010429,58.22315005,58.22315005,road_desnity_avg
430,ECONOMY,20,0.368024571,Temp_Vel_avg,0.636545151,1.401780321,1.401780321,Temp_Vel_avg
431,ECONOMY,20,0.368024571,X_stream_avg,0.489924794,37.48433018,37.48433018,X_stream_avg
432,ECONOMY,20,0.368024571,AqBarrier_avg,0.027441928,5.088779035,5.088779035,AqBarrier_avg
433,ECONOMY,20,0.368024571,urban_land_avg,5.43244155,18.05608317,18.05608317,urban_land_avg
434,ECONOMY,20,0.368024571,clear_cut_avg,6.738981823,44.65661518,44.65661518,clear_cut_avg
435,ECONOMY,20,0.368024571,agri_avg,5.634511137,16.70950751,16.70950751,agri_avg
436,ECONOMY,20,0.368024571,Impv_avg,0.080765437,1.273900975,1.273900975,Impv_avg
437,ECONOMY,20,0.368024571,N_Leach_avg,7.239309908,21.59344903,21.59344903,N_Leach_avg
438,ECONOMY,20,0.368024571,P_Leach_avg,0.000273726,0.052748038,0.052748038,P_Leach_avg
439,ECONOMY,20,0.368024571,pesticide_avg,0.039268133,3.070860739,3.070860739,pesticide_avg
440,ECONOMY,20,0.368024571,pollution_avg,0,0,0,pollution_avg
925,COUNTRY_HARBOUR,43,0.372028083,SARproportion,0,0,0,SARproportion
926,COUNTRY_HARBOUR,43,0.372028083,detections,1,8.333333333,8.333333333,detections
927,COUNTRY_HARBOUR,43,0.372028083,BoatLaunch,1,50,50,BoatLaunch
928,COUNTRY_HARBOUR,43,0.372028083,EBSAproportion,0,0,0,EBSAproportion
929,COUNTRY_HARBOUR,43,0.372028083,NSResproportion,0,0,0,NSResproportion
930,COUNTRY_HARBOUR,43,0.372028083,nativeFish,15,71.42857143,71.42857143,nativeFish
931,COUNTRY_HARBOUR,43,0.372028083,RecFishproportion,2,25,25,RecFishproportion
932,COUNTRY_HARBOUR,43,0.372028083,NSParksproportion,0,0,0,NSParksproportion
933,COUNTRY_HARBOUR,43,0.372028083,salmon_stat_avg,0.127272727,15.90909091,15.90909091,salmon_stat_avg
934,COUNTRY_HARBOUR,43,0.372028083,habitat_suitability_avg,0.679737958,68.02375393,68.02375393,habitat_suitability_avg
935,COUNTRY_HARBOUR,43,0.372028083,road_desnity_avg,1.543938411,30.39175076,30.39175076,road_desnity_avg
936,COUNTRY_HARBOUR,43,0.372028083,Temp_Vel_avg,2.717072041,5.983453192,5.983453192,Temp_Vel_avg
937,COUNTRY_HARBOUR,43,0.372028083,X_stream_avg,0.354660527,23.73979842,23.73979842,X_stream_avg
938,COUNTRY_HARBOUR,43,0.372028083,AqBarrier_avg,0.006832401,1.266987396,1.266987396,AqBarrier_avg
939,COUNTRY_HARBOUR,43,0.372028083,urban_land_avg,4.693460141,14.28795027,14.28795027,urban_land_avg
940,COUNTRY_HARBOUR,43,0.372028083,clear_cut_avg,6.503825278,43.00797131,43.00797131,clear_cut_avg
941,COUNTRY_HARBOUR,43,0.372028083,agri_avg,0.886189359,2.533139814,2.533139814,agri_avg
942,COUNTRY_HARBOUR,43,0.372028083,Impv_avg,0.041870436,0.24903395,0.24903395,Impv_avg
943,COUNTRY_HARBOUR,43,0.372028083,N_Leach_avg,0.016137155,0.048133986,0.048133986,N_Leach_avg
944,COUNTRY_HARBOUR,43,0.372028083,P_Leach_avg,0.000247392,0.047673294,0.047673294,P_Leach_avg
945,COUNTRY_HARBOUR,43,0.372028083,pesticide_avg,5.65E-05,0.004420245,0.004420245,pesticide_avg
946,COUNTRY_HARBOUR,43,0.372028083,pollution_avg,0,0,0,pollution_avg
221,MISSAGUASH,11,0.373749188,SARproportion,0,0,0,SARproportion
222,MISSAGUASH,11,0.373749188,detections,0,0,0,detections
223,MISSAGUASH,11,0.373749188,BoatLaunch,0,0,0,BoatLaunch
224,MISSAGUASH,11,0.373749188,EBSAproportion,1,20,20,EBSAproportion
225,MISSAGUASH,11,0.373749188,NSResproportion,0,0,0,NSResproportion
226,MISSAGUASH,11,0.373749188,nativeFish,0,0,0,nativeFish
227,MISSAGUASH,11,0.373749188,RecFishproportion,1,0,0,RecFishproportion
228,MISSAGUASH,11,0.373749188,NSParksproportion,3,10.34482759,10.34482759,NSParksproportion
229,MISSAGUASH,11,0.373749188,salmon_stat_avg,0,0,0,salmon_stat_avg
230,MISSAGUASH,11,0.373749188,habitat_suitability_avg,0.438679612,43.40435995,43.40435995,habitat_suitability_avg
231,MISSAGUASH,11,0.373749188,road_desnity_avg,1.873587922,43.01031803,43.01031803,road_desnity_avg
232,MISSAGUASH,11,0.373749188,Temp_Vel_avg,0,0,0,Temp_Vel_avg
233,MISSAGUASH,11,0.373749188,X_stream_avg,0.489907316,37.48255425,37.48255425,X_stream_avg
234,MISSAGUASH,11,0.373749188,AqBarrier_avg,0.539263502,100,100,AqBarrier_avg
235,MISSAGUASH,11,0.373749188,urban_land_avg,3.155702984,6.446787766,6.446787766,urban_land_avg
236,MISSAGUASH,11,0.373749188,clear_cut_avg,0.511253278,0.995034352,0.995034352,clear_cut_avg
237,MISSAGUASH,11,0.373749188,agri_avg,24.1317846,71.93410312,71.93410312,agri_avg
238,MISSAGUASH,11,0.373749188,Impv_avg,0.145122169,2.969673945,2.969673945,Impv_avg
239,MISSAGUASH,11,0.373749188,N_Leach_avg,12.01695862,35.844243,35.844243,N_Leach_avg
240,MISSAGUASH,11,0.373749188,P_Leach_avg,0.047166722,9.089194986,9.089194986,P_Leach_avg
241,MISSAGUASH,11,0.373749188,pesticide_avg,0.265743457,20.78176575,20.78176575,pesticide_avg
242,MISSAGUASH,11,0.373749188,pollution_avg,0,0,0,pollution_avg
837,BARRINGTON_CLYDE,39,0.375132638,SARproportion,0,0,0,SARproportion
838,BARRINGTON_CLYDE,39,0.375132638,detections,5,41.66666667,41.66666667,detections
839,BARRINGTON_CLYDE,39,0.375132638,BoatLaunch,0,0,0,BoatLaunch
840,BARRINGTON_CLYDE,39,0.375132638,EBSAproportion,3,60,60,EBSAproportion
841,BARRINGTON_CLYDE,39,0.375132638,NSResproportion,0,0,0,NSResproportion
842,BARRINGTON_CLYDE,39,0.375132638,nativeFish,7,33.33333333,33.33333333,nativeFish
843,BARRINGTON_CLYDE,39,0.375132638,RecFishproportion,2,25,25,RecFishproportion
844,BARRINGTON_CLYDE,39,0.375132638,NSParksproportion,13,44.82758621,44.82758621,NSParksproportion
845,BARRINGTON_CLYDE,39,0.375132638,salmon_stat_avg,0,0,0,salmon_stat_avg
846,BARRINGTON_CLYDE,39,0.375132638,habitat_suitability_avg,0.049315024,3.638384873,3.638384873,habitat_suitability_avg
847,BARRINGTON_CLYDE,39,0.375132638,road_desnity_avg,0.914561622,6.300001538,6.300001538,road_desnity_avg
848,BARRINGTON_CLYDE,39,0.375132638,Temp_Vel_avg,4.35113107,9.581928155,9.581928155,Temp_Vel_avg
849,BARRINGTON_CLYDE,39,0.375132638,X_stream_avg,0.158307434,3.787882212,3.787882212,X_stream_avg
850,BARRINGTON_CLYDE,39,0.375132638,AqBarrier_avg,0.010013108,1.856811729,1.856811729,AqBarrier_avg
851,BARRINGTON_CLYDE,39,0.375132638,urban_land_avg,3.425839101,7.824236203,7.824236203,urban_land_avg
852,BARRINGTON_CLYDE,39,0.375132638,clear_cut_avg,0.889332366,3.645684671,3.645684671,clear_cut_avg
853,BARRINGTON_CLYDE,39,0.375132638,agri_avg,0.211911182,0.520046385,0.520046385,agri_avg
854,BARRINGTON_CLYDE,39,0.375132638,Impv_avg,0.09147366,1.556058158,1.556058158,Impv_avg
855,BARRINGTON_CLYDE,39,0.375132638,N_Leach_avg,0,0,0,N_Leach_avg
856,BARRINGTON_CLYDE,39,0.375132638,P_Leach_avg,0,0,0,P_Leach_avg
857,BARRINGTON_CLYDE,39,0.375132638,pesticide_avg,0,0,0,pesticide_avg
858,BARRINGTON_CLYDE,39,0.375132638,pollution_avg,0,0,0,pollution_avg
727,SISSIBOO_BEAR,34,0.375699273,SARproportion,0,0,0,SARproportion
728,SISSIBOO_BEAR,34,0.375699273,detections,2,16.66666667,16.66666667,detections
729,SISSIBOO_BEAR,34,0.375699273,BoatLaunch,1,50,50,BoatLaunch
730,SISSIBOO_BEAR,34,0.375699273,EBSAproportion,1,20,20,EBSAproportion
731,SISSIBOO_BEAR,34,0.375699273,NSResproportion,1,20,20,NSResproportion
732,SISSIBOO_BEAR,34,0.375699273,nativeFish,12,57.14285714,57.14285714,nativeFish
733,SISSIBOO_BEAR,34,0.375699273,RecFishproportion,2,25,25,RecFishproportion
734,SISSIBOO_BEAR,34,0.375699273,NSParksproportion,5,17.24137931,17.24137931,NSParksproportion
735,SISSIBOO_BEAR,34,0.375699273,salmon_stat_avg,0,0,0,salmon_stat_avg
736,SISSIBOO_BEAR,34,0.375699273,habitat_suitability_avg,0.532455216,52.98170331,52.98170331,habitat_suitability_avg
737,SISSIBOO_BEAR,34,0.375699273,road_desnity_avg,1.889044807,43.60198807,43.60198807,road_desnity_avg
738,SISSIBOO_BEAR,34,0.375699273,Temp_Vel_avg,45.40976513,100,100,Temp_Vel_avg
739,SISSIBOO_BEAR,34,0.375699273,X_stream_avg,0.457359452,34.17528648,34.17528648,X_stream_avg
740,SISSIBOO_BEAR,34,0.375699273,AqBarrier_avg,0.057033266,10.57614053,10.57614053,AqBarrier_avg
741,SISSIBOO_BEAR,34,0.375699273,urban_land_avg,6.85729295,25.32152903,25.32152903,urban_land_avg
742,SISSIBOO_BEAR,34,0.375699273,clear_cut_avg,4.578449102,29.50947553,29.50947553,clear_cut_avg
743,SISSIBOO_BEAR,34,0.375699273,agri_avg,3.434351583,10.14081392,10.14081392,agri_avg
744,SISSIBOO_BEAR,34,0.375699273,Impv_avg,0.108508447,2.004917692,2.004917692,Impv_avg
745,SISSIBOO_BEAR,34,0.375699273,N_Leach_avg,5.030436675,15.00481114,15.00481114,N_Leach_avg
746,SISSIBOO_BEAR,34,0.375699273,P_Leach_avg,0.005954504,1.147454004,1.147454004,P_Leach_avg
747,SISSIBOO_BEAR,34,0.375699273,pesticide_avg,0,0,0,pesticide_avg
748,SISSIBOO_BEAR,34,0.375699273,pollution_avg,0,0,0,pollution_avg
463,GASPEREAU,22,0.393983533,SARproportion,0.195743449,19.6473916,19.6473916,SARproportion
464,GASPEREAU,22,0.393983533,detections,6,50,50,detections
465,GASPEREAU,22,0.393983533,BoatLaunch,0,0,0,BoatLaunch
466,GASPEREAU,22,0.393983533,EBSAproportion,1,20,20,EBSAproportion
467,GASPEREAU,22,0.393983533,NSResproportion,2,40,40,NSResproportion
468,GASPEREAU,22,0.393983533,nativeFish,12,57.14285714,57.14285714,nativeFish
469,GASPEREAU,22,0.393983533,RecFishproportion,3,50,50,RecFishproportion
470,GASPEREAU,22,0.393983533,NSParksproportion,7,24.13793103,24.13793103,NSParksproportion
471,GASPEREAU,22,0.393983533,salmon_stat_avg,0,0,0,salmon_stat_avg
472,GASPEREAU,22,0.393983533,habitat_suitability_avg,0.337348341,33.05535312,33.05535312,habitat_suitability_avg
473,GASPEREAU,22,0.393983533,road_desnity_avg,2.747353109,76.45694674,76.45694674,road_desnity_avg
474,GASPEREAU,22,0.393983533,Temp_Vel_avg,1.581421812,3.48255889,3.48255889,Temp_Vel_avg
475,GASPEREAU,22,0.393983533,X_stream_avg,0.916509601,80.830652,80.830652,X_stream_avg
476,GASPEREAU,22,0.393983533,AqBarrier_avg,0.265872027,49.30280384,49.30280384,AqBarrier_avg
477,GASPEREAU,22,0.393983533,urban_land_avg,11.17340892,47.32979385,47.32979385,urban_land_avg
478,GASPEREAU,22,0.393983533,clear_cut_avg,4.184098189,26.74474611,26.74474611,clear_cut_avg
479,GASPEREAU,22,0.393983533,agri_avg,33.53235266,100,100,agri_avg
480,GASPEREAU,22,0.393983533,Impv_avg,0.502175913,12.37789078,12.37789078,Impv_avg
481,GASPEREAU,22,0.393983533,N_Leach_avg,33.52549144,100,100,N_Leach_avg
482,GASPEREAU,22,0.393983533,P_Leach_avg,0.518931787,100,100,P_Leach_avg
483,GASPEREAU,22,0.393983533,pesticide_avg,1.278733772,100,100,pesticide_avg
484,GASPEREAU,22,0.393983533,pollution_avg,0,0,0,pollution_avg
793,SISSIBOO_BEAR.1,37,0.399464966,SARproportion,0,0,0,SARproportion
794,SISSIBOO_BEAR.1,37,0.399464966,detections,0,0,0,detections
795,SISSIBOO_BEAR.1,37,0.399464966,BoatLaunch,0,0,0,BoatLaunch
796,SISSIBOO_BEAR.1,37,0.399464966,EBSAproportion,1,20,20,EBSAproportion
797,SISSIBOO_BEAR.1,37,0.399464966,NSResproportion,0,0,0,NSResproportion
798,SISSIBOO_BEAR.1,37,0.399464966,nativeFish,0,0,0,nativeFish
799,SISSIBOO_BEAR.1,37,0.399464966,RecFishproportion,1,0,0,RecFishproportion
800,SISSIBOO_BEAR.1,37,0.399464966,NSParksproportion,1,3.448275862,3.448275862,NSParksproportion
801,SISSIBOO_BEAR.1,37,0.399464966,salmon_stat_avg,0,0,0,salmon_stat_avg
802,SISSIBOO_BEAR.1,37,0.399464966,habitat_suitability_avg,0.758,76.01669044,76.01669044,habitat_suitability_avg
803,SISSIBOO_BEAR.1,37,0.399464966,road_desnity_avg,3.023671507,87.0340663,87.0340663,road_desnity_avg
804,SISSIBOO_BEAR.1,37,0.399464966,Temp_Vel_avg,45.40976513,100,100,Temp_Vel_avg
805,SISSIBOO_BEAR.1,37,0.399464966,X_stream_avg,0.601466063,48.81831038,48.81831038,X_stream_avg
806,SISSIBOO_BEAR.1,37,0.399464966,AqBarrier_avg,0.029339569,5.440673973,5.440673973,AqBarrier_avg
807,SISSIBOO_BEAR.1,37,0.399464966,urban_land_avg,8.3955492,33.16523646,33.16523646,urban_land_avg
808,SISSIBOO_BEAR.1,37,0.399464966,clear_cut_avg,4.025668997,25.6340251,25.6340251,clear_cut_avg
809,SISSIBOO_BEAR.1,37,0.399464966,agri_avg,8.349185068,24.81431119,24.81431119,agri_avg
810,SISSIBOO_BEAR.1,37,0.399464966,Impv_avg,0.070601745,1.006091934,1.006091934,Impv_avg
811,SISSIBOO_BEAR.1,37,0.399464966,N_Leach_avg,4.862534548,14.50399185,14.50399185,N_Leach_avg
812,SISSIBOO_BEAR.1,37,0.399464966,P_Leach_avg,0,0,0,P_Leach_avg
813,SISSIBOO_BEAR.1,37,0.399464966,pesticide_avg,0,0,0,pesticide_avg
814,SISSIBOO_BEAR.1,37,0.399464966,pollution_avg,0,0,0,pollution_avg
353,PARRSBORO,17,0.402949994,SARproportion,0,0,0,SARproportion
354,PARRSBORO,17,0.402949994,detections,1,8.333333333,8.333333333,detections
355,PARRSBORO,17,0.402949994,BoatLaunch,0,0,0,BoatLaunch
356,PARRSBORO,17,0.402949994,EBSAproportion,1,20,20,EBSAproportion
357,PARRSBORO,17,0.402949994,NSResproportion,0,0,0,NSResproportion
358,PARRSBORO,17,0.402949994,nativeFish,8,38.0952381,38.0952381,nativeFish
359,PARRSBORO,17,0.402949994,RecFishproportion,1,0,0,RecFishproportion
360,PARRSBORO,17,0.402949994,NSParksproportion,8,27.5862069,27.5862069,NSParksproportion
361,PARRSBORO,17,0.402949994,salmon_stat_avg,0,0,0,salmon_stat_avg
362,PARRSBORO,17,0.402949994,habitat_suitability_avg,0.264368421,25.60188206,25.60188206,habitat_suitability_avg
363,PARRSBORO,17,0.402949994,road_desnity_avg,2.787433765,77.99118367,77.99118367,road_desnity_avg
364,PARRSBORO,17,0.402949994,Temp_Vel_avg,4.224547785,9.303170305,9.303170305,Temp_Vel_avg
365,PARRSBORO,17,0.402949994,X_stream_avg,0.716412143,60.49826172,60.49826172,X_stream_avg
366,PARRSBORO,17,0.402949994,AqBarrier_avg,0.02388588,4.429352285,4.429352285,AqBarrier_avg
367,PARRSBORO,17,0.402949994,urban_land_avg,7.350325968,27.83554888,27.83554888,urban_land_avg
368,PARRSBORO,17,0.402949994,clear_cut_avg,9.458896706,63.7254912,63.7254912,clear_cut_avg
369,PARRSBORO,17,0.402949994,agri_avg,4.920636136,14.57819566,14.57819566,agri_avg
370,PARRSBORO,17,0.402949994,Impv_avg,0.070934774,1.014867101,1.014867101,Impv_avg
371,PARRSBORO,17,0.402949994,N_Leach_avg,8.29502084,24.74242877,24.74242877,N_Leach_avg
372,PARRSBORO,17,0.402949994,P_Leach_avg,0.00032024,0.061711365,0.061711365,P_Leach_avg
373,PARRSBORO,17,0.402949994,pesticide_avg,0.245257822,19.1797407,19.1797407,pesticide_avg
374,PARRSBORO,17,0.402949994,pollution_avg,0,0,0,pollution_avg
991,TRACADIE,46,0.408955558,SARproportion,0,0,0,SARproportion
992,TRACADIE,46,0.408955558,detections,2,16.66666667,16.66666667,detections
993,TRACADIE,46,0.408955558,BoatLaunch,0,0,0,BoatLaunch
994,TRACADIE,46,0.408955558,EBSAproportion,1,20,20,EBSAproportion
995,TRACADIE,46,0.408955558,NSResproportion,2,40,40,NSResproportion
996,TRACADIE,46,0.408955558,nativeFish,7,33.33333333,33.33333333,nativeFish
997,TRACADIE,46,0.408955558,RecFishproportion,3,50,50,RecFishproportion
998,TRACADIE,46,0.408955558,NSParksproportion,2,6.896551724,6.896551724,NSParksproportion
999,TRACADIE,46,0.408955558,salmon_stat_avg,0,0,0,salmon_stat_avg
1000,TRACADIE,46,0.408955558,habitat_suitability_avg,0.751886731,75.39233965,75.39233965,habitat_suitability_avg
1001,TRACADIE,46,0.408955558,road_desnity_avg,2.65824765,73.04610221,73.04610221,road_desnity_avg
1002,TRACADIE,46,0.408955558,Temp_Vel_avg,0.820385035,1.806626906,1.806626906,Temp_Vel_avg
1003,TRACADIE,46,0.408955558,X_stream_avg,1.030621047,92.42579404,92.42579404,X_stream_avg
1004,TRACADIE,46,0.408955558,AqBarrier_avg,0.055772177,10.34228656,10.34228656,AqBarrier_avg
1005,TRACADIE,46,0.408955558,urban_land_avg,9.555679858,39.08084738,39.08084738,urban_land_avg
1006,TRACADIE,46,0.408955558,clear_cut_avg,5.14136062,33.45595562,33.45595562,clear_cut_avg
1007,TRACADIE,46,0.408955558,agri_avg,9.677508381,28.78009123,28.78009123,agri_avg
1008,TRACADIE,46,0.408955558,Impv_avg,0.222017943,4.995845442,4.995845442,Impv_avg
1009,TRACADIE,46,0.408955558,N_Leach_avg,14.98648822,44.70177043,44.70177043,N_Leach_avg
1010,TRACADIE,46,0.408955558,P_Leach_avg,0.000205754,0.039649539,0.039649539,P_Leach_avg
1011,TRACADIE,46,0.408955558,pesticide_avg,0.030454554,2.381618062,2.381618062,pesticide_avg
1012,TRACADIE,46,0.408955558,pollution_avg,0,0,0,pollution_avg
287,KELLY_MACCAN.HEBERT,14,0.409894706,SARproportion,0,0,0,SARproportion
288,KELLY_MACCAN.HEBERT,14,0.409894706,detections,1,8.333333333,8.333333333,detections
289,KELLY_MACCAN.HEBERT,14,0.409894706,BoatLaunch,0,0,0,BoatLaunch
290,KELLY_MACCAN.HEBERT,14,0.409894706,EBSAproportion,1,20,20,EBSAproportion
291,KELLY_MACCAN.HEBERT,14,0.409894706,NSResproportion,1,20,20,NSResproportion
292,KELLY_MACCAN.HEBERT,14,0.409894706,nativeFish,15,71.42857143,71.42857143,nativeFish
293,KELLY_MACCAN.HEBERT,14,0.409894706,RecFishproportion,2,25,25,RecFishproportion
294,KELLY_MACCAN.HEBERT,14,0.409894706,NSParksproportion,8,27.5862069,27.5862069,NSParksproportion
295,KELLY_MACCAN.HEBERT,14,0.409894706,salmon_stat_avg,0,0,0,salmon_stat_avg
296,KELLY_MACCAN.HEBERT,14,0.409894706,habitat_suitability_avg,0.054943867,4.213261034,4.213261034,habitat_suitability_avg
297,KELLY_MACCAN.HEBERT,14,0.409894706,road_desnity_avg,2.183941171,54.89024874,54.89024874,road_desnity_avg
298,KELLY_MACCAN.HEBERT,14,0.409894706,Temp_Vel_avg,4.757434921,10.4766781,10.4766781,Temp_Vel_avg
299,KELLY_MACCAN.HEBERT,14,0.409894706,X_stream_avg,0.520858351,40.62756432,40.62756432,X_stream_avg
300,KELLY_MACCAN.HEBERT,14,0.409894706,AqBarrier_avg,0.022401227,4.154041003,4.154041003,AqBarrier_avg
301,KELLY_MACCAN.HEBERT,14,0.409894706,urban_land_avg,6.805874533,25.05934188,25.05934188,urban_land_avg
302,KELLY_MACCAN.HEBERT,14,0.409894706,clear_cut_avg,6.655909157,44.07420638,44.07420638,clear_cut_avg
303,KELLY_MACCAN.HEBERT,14,0.409894706,agri_avg,8.993394148,26.73763173,26.73763173,agri_avg
304,KELLY_MACCAN.HEBERT,14,0.409894706,Impv_avg,0.179339998,3.87129944,3.87129944,Impv_avg
305,KELLY_MACCAN.HEBERT,14,0.409894706,N_Leach_avg,10.01263529,29.86573756,29.86573756,N_Leach_avg
306,KELLY_MACCAN.HEBERT,14,0.409894706,P_Leach_avg,0.02250722,4.337221287,4.337221287,P_Leach_avg
307,KELLY_MACCAN.HEBERT,14,0.409894706,pesticide_avg,0.373126378,29.17936368,29.17936368,pesticide_avg
308,KELLY_MACCAN.HEBERT,14,0.409894706,pollution_avg,0,0,0,pollution_avg
441,SHUBENACADIE_STEWIACKE,21,0.411615935,SARproportion,0.417240444,41.87974842,41.87974842,SARproportion
442,SHUBENACADIE_STEWIACKE,21,0.411615935,detections,6,50,50,detections
443,SHUBENACADIE_STEWIACKE,21,0.411615935,BoatLaunch,1,50,50,BoatLaunch
444,SHUBENACADIE_STEWIACKE,21,0.411615935,EBSAproportion,1,20,20,EBSAproportion
445,SHUBENACADIE_STEWIACKE,21,0.411615935,NSResproportion,2,40,40,NSResproportion
446,SHUBENACADIE_STEWIACKE,21,0.411615935,nativeFish,19,90.47619048,90.47619048,nativeFish
447,SHUBENACADIE_STEWIACKE,21,0.411615935,RecFishproportion,4,75,75,RecFishproportion
448,SHUBENACADIE_STEWIACKE,21,0.411615935,NSParksproportion,10,34.48275862,34.48275862,NSParksproportion
449,SHUBENACADIE_STEWIACKE,21,0.411615935,salmon_stat_avg,0.121153846,15.14423077,15.14423077,salmon_stat_avg
450,SHUBENACADIE_STEWIACKE,21,0.411615935,habitat_suitability_avg,0.45070978,44.63300631,44.63300631,habitat_suitability_avg
451,SHUBENACADIE_STEWIACKE,21,0.411615935,road_desnity_avg,2.75546238,76.76735937,76.76735937,road_desnity_avg
452,SHUBENACADIE_STEWIACKE,21,0.411615935,Temp_Vel_avg,9.363043691,20.61900929,20.61900929,Temp_Vel_avg
453,SHUBENACADIE_STEWIACKE,21,0.411615935,X_stream_avg,1.002226959,89.54060161,89.54060161,X_stream_avg
454,SHUBENACADIE_STEWIACKE,21,0.411615935,AqBarrier_avg,0.044393297,8.232208751,8.232208751,AqBarrier_avg
455,SHUBENACADIE_STEWIACKE,21,0.411615935,urban_land_avg,12.38573424,53.51155006,53.51155006,urban_land_avg
456,SHUBENACADIE_STEWIACKE,21,0.411615935,clear_cut_avg,6.591786074,43.62464999,43.62464999,clear_cut_avg
457,SHUBENACADIE_STEWIACKE,21,0.411615935,agri_avg,8.666685977,25.76222708,25.76222708,agri_avg
458,SHUBENACADIE_STEWIACKE,21,0.411615935,Impv_avg,0.991871226,25.28115752,25.28115752,Impv_avg
459,SHUBENACADIE_STEWIACKE,21,0.411615935,N_Leach_avg,29.53791217,88.10582903,88.10582903,N_Leach_avg
460,SHUBENACADIE_STEWIACKE,21,0.411615935,P_Leach_avg,0.134032491,25.82853741,25.82853741,P_Leach_avg
461,SHUBENACADIE_STEWIACKE,21,0.411615935,pesticide_avg,0.092035799,7.197416743,7.197416743,pesticide_avg
462,SHUBENACADIE_STEWIACKE,21,0.411615935,pollution_avg,0.000549945,0.830117967,0.830117967,pollution_avg
485,KENNETCOOK,23,0.412937216,SARproportion,0,0,0,SARproportion
486,KENNETCOOK,23,0.412937216,detections,1,8.333333333,8.333333333,detections
487,KENNETCOOK,23,0.412937216,BoatLaunch,0,0,0,BoatLaunch
488,KENNETCOOK,23,0.412937216,EBSAproportion,1,20,20,EBSAproportion
489,KENNETCOOK,23,0.412937216,NSResproportion,0,0,0,NSResproportion
490,KENNETCOOK,23,0.412937216,nativeFish,14,66.66666667,66.66666667,nativeFish
491,KENNETCOOK,23,0.412937216,RecFishproportion,1,0,0,RecFishproportion
492,KENNETCOOK,23,0.412937216,NSParksproportion,4,13.79310345,13.79310345,NSParksproportion
493,KENNETCOOK,23,0.412937216,salmon_stat_avg,0,0,0,salmon_stat_avg
494,KENNETCOOK,23,0.412937216,habitat_suitability_avg,0.217456812,20.81077898,20.81077898,habitat_suitability_avg
495,KENNETCOOK,23,0.412937216,road_desnity_avg,1.995898888,47.69222744,47.69222744,road_desnity_avg
496,KENNETCOOK,23,0.412937216,Temp_Vel_avg,2.568395735,5.656042764,5.656042764,Temp_Vel_avg
497,KENNETCOOK,23,0.412937216,X_stream_avg,0.815688961,70.58602105,70.58602105,X_stream_avg
498,KENNETCOOK,23,0.412937216,AqBarrier_avg,0.019742133,3.660943754,3.660943754,AqBarrier_avg
499,KENNETCOOK,23,0.412937216,urban_land_avg,4.779363156,14.7259775,14.7259775,urban_land_avg
500,KENNETCOOK,23,0.412937216,clear_cut_avg,7.199454063,47.88491034,47.88491034,clear_cut_avg
501,KENNETCOOK,23,0.412937216,agri_avg,8.656336003,25.73132668,25.73132668,agri_avg
502,KENNETCOOK,23,0.412937216,Impv_avg,0.04640102,0.368412941,0.368412941,Impv_avg
503,KENNETCOOK,23,0.412937216,N_Leach_avg,21.5993126,64.42653537,64.42653537,N_Leach_avg
504,KENNETCOOK,23,0.412937216,P_Leach_avg,0.102024958,19.66057215,19.66057215,P_Leach_avg
505,KENNETCOOK,23,0.412937216,pesticide_avg,0.036123289,2.824926463,2.824926463,pesticide_avg
506,KENNETCOOK,23,0.412937216,pollution_avg,0,0,0,pollution_avg
199,TIDNISH_SHINIMICAS,10,0.422567525,SARproportion,0,0,0,SARproportion
200,TIDNISH_SHINIMICAS,10,0.422567525,detections,1,8.333333333,8.333333333,detections
201,TIDNISH_SHINIMICAS,10,0.422567525,BoatLaunch,0,0,0,BoatLaunch
202,TIDNISH_SHINIMICAS,10,0.422567525,EBSAproportion,1,20,20,EBSAproportion
203,TIDNISH_SHINIMICAS,10,0.422567525,NSResproportion,0,0,0,NSResproportion
204,TIDNISH_SHINIMICAS,10,0.422567525,nativeFish,10,47.61904762,47.61904762,nativeFish
205,TIDNISH_SHINIMICAS,10,0.422567525,RecFishproportion,1,0,0,RecFishproportion
206,TIDNISH_SHINIMICAS,10,0.422567525,NSParksproportion,5,17.24137931,17.24137931,NSParksproportion
207,TIDNISH_SHINIMICAS,10,0.422567525,salmon_stat_avg,0,0,0,salmon_stat_avg
208,TIDNISH_SHINIMICAS,10,0.422567525,habitat_suitability_avg,0.464490446,46.0404317,46.0404317,habitat_suitability_avg
209,TIDNISH_SHINIMICAS,10,0.422567525,road_desnity_avg,2.284267668,58.73062046,58.73062046,road_desnity_avg
210,TIDNISH_SHINIMICAS,10,0.422567525,Temp_Vel_avg,4.928804334,10.8540626,10.8540626,Temp_Vel_avg
211,TIDNISH_SHINIMICAS,10,0.422567525,X_stream_avg,0.679677013,56.76551556,56.76551556,X_stream_avg
212,TIDNISH_SHINIMICAS,10,0.422567525,AqBarrier_avg,0.037933687,7.03435098,7.03435098,AqBarrier_avg
213,TIDNISH_SHINIMICAS,10,0.422567525,urban_land_avg,7.273092079,27.44172631,27.44172631,urban_land_avg
214,TIDNISH_SHINIMICAS,10,0.422567525,clear_cut_avg,4.495436685,28.92748912,28.92748912,clear_cut_avg
215,TIDNISH_SHINIMICAS,10,0.422567525,agri_avg,19.90373258,59.31102852,59.31102852,agri_avg
216,TIDNISH_SHINIMICAS,10,0.422567525,Impv_avg,0.45328904,11.08974213,11.08974213,Impv_avg
217,TIDNISH_SHINIMICAS,10,0.422567525,N_Leach_avg,15.21056441,45.37014598,45.37014598,N_Leach_avg
218,TIDNISH_SHINIMICAS,10,0.422567525,P_Leach_avg,0.041263349,7.951594098,7.951594098,P_Leach_avg
219,TIDNISH_SHINIMICAS,10,0.422567525,pesticide_avg,0.21836667,17.07678912,17.07678912,pesticide_avg
220,TIDNISH_SHINIMICAS,10,0.422567525,pollution_avg,0,0,0,pollution_avg
529,MUSQUODOBOIT,25,0.435478054,SARproportion,0.417240444,41.87974842,41.87974842,SARproportion
530,MUSQUODOBOIT,25,0.435478054,detections,3,25,25,detections
531,MUSQUODOBOIT,25,0.435478054,BoatLaunch,2,100,100,BoatLaunch
532,MUSQUODOBOIT,25,0.435478054,EBSAproportion,2,40,40,EBSAproportion
533,MUSQUODOBOIT,25,0.435478054,NSResproportion,0,0,0,NSResproportion
534,MUSQUODOBOIT,25,0.435478054,nativeFish,17,80.95238095,80.95238095,nativeFish
535,MUSQUODOBOIT,25,0.435478054,RecFishproportion,2,25,25,RecFishproportion
536,MUSQUODOBOIT,25,0.435478054,NSParksproportion,11,37.93103448,37.93103448,NSParksproportion
537,MUSQUODOBOIT,25,0.435478054,salmon_stat_avg,0.258436214,32.30452675,32.30452675,salmon_stat_avg
538,MUSQUODOBOIT,25,0.435478054,habitat_suitability_avg,0.526860994,52.41036299,52.41036299,habitat_suitability_avg
539,MUSQUODOBOIT,25,0.435478054,road_desnity_avg,1.941709401,45.61792228,45.61792228,road_desnity_avg
540,MUSQUODOBOIT,25,0.435478054,Temp_Vel_avg,3.807055332,8.383781156,8.383781156,Temp_Vel_avg
541,MUSQUODOBOIT,25,0.435478054,X_stream_avg,0.615979348,50.29304066,50.29304066,X_stream_avg
542,MUSQUODOBOIT,25,0.435478054,AqBarrier_avg,0.0291179,5.399568028,5.399568028,AqBarrier_avg
543,MUSQUODOBOIT,25,0.435478054,urban_land_avg,8.107764681,31.69779723,31.69779723,urban_land_avg
544,MUSQUODOBOIT,25,0.435478054,clear_cut_avg,4.930029997,31.97435137,31.97435137,clear_cut_avg
545,MUSQUODOBOIT,25,0.435478054,agri_avg,3.36882079,9.945168247,9.945168247,agri_avg
546,MUSQUODOBOIT,25,0.435478054,Impv_avg,0.194279946,4.264960819,4.264960819,Impv_avg
547,MUSQUODOBOIT,25,0.435478054,N_Leach_avg,8.323454518,24.82724088,24.82724088,N_Leach_avg
548,MUSQUODOBOIT,25,0.435478054,P_Leach_avg,0.000443574,0.085478223,0.085478223,P_Leach_avg
549,MUSQUODOBOIT,25,0.435478054,pesticide_avg,0.033180041,2.594757556,2.594757556,pesticide_avg
550,MUSQUODOBOIT,25,0.435478054,pollution_avg,0,0,0,pollution_avg
111,SALMON_MIRA,6,0.442619048,SARproportion,0,0,0,SARproportion
112,SALMON_MIRA,6,0.442619048,detections,2,16.66666667,16.66666667,detections
113,SALMON_MIRA,6,0.442619048,BoatLaunch,0,0,0,BoatLaunch
114,SALMON_MIRA,6,0.442619048,EBSAproportion,1,20,20,EBSAproportion
115,SALMON_MIRA,6,0.442619048,NSResproportion,0,0,0,NSResproportion
116,SALMON_MIRA,6,0.442619048,nativeFish,3,14.28571429,14.28571429,nativeFish
117,SALMON_MIRA,6,0.442619048,RecFishproportion,2,25,25,RecFishproportion
118,SALMON_MIRA,6,0.442619048,NSParksproportion,0,0,0,NSParksproportion
119,SALMON_MIRA,6,0.442619048,salmon_stat_avg,0.4,50,50,salmon_stat_avg
120,SALMON_MIRA,6,0.442619048,habitat_suitability_avg,0.992830189,100,100,habitat_suitability_avg
121,SALMON_MIRA,6,0.442619048,road_desnity_avg,3.010695161,86.53734815,86.53734815,road_desnity_avg
122,SALMON_MIRA,6,0.442619048,Temp_Vel_avg,3.025521981,6.662712243,6.662712243,Temp_Vel_avg
123,SALMON_MIRA,6,0.442619048,X_stream_avg,0.902005432,79.35684803,79.35684803,X_stream_avg
124,SALMON_MIRA,6,0.442619048,AqBarrier_avg,0.013858728,2.569936209,2.569936209,AqBarrier_avg
125,SALMON_MIRA,6,0.442619048,urban_land_avg,14.62670604,64.93846749,64.93846749,urban_land_avg
126,SALMON_MIRA,6,0.442619048,clear_cut_avg,2.654189203,16.01880577,16.01880577,clear_cut_avg
127,SALMON_MIRA,6,0.442619048,agri_avg,11.5225843,34.28866371,34.28866371,agri_avg
128,SALMON_MIRA,6,0.442619048,Impv_avg,0.260516646,6.01027016,6.01027016,Impv_avg
129,SALMON_MIRA,6,0.442619048,N_Leach_avg,31.50353375,93.9688947,93.9688947,N_Leach_avg
130,SALMON_MIRA,6,0.442619048,P_Leach_avg,0,0,0,P_Leach_avg
131,SALMON_MIRA,6,0.442619048,pesticide_avg,0,0,0,pesticide_avg
132,SALMON_MIRA,6,0.442619048,pollution_avg,0.066248987,100,100,pollution_avg
1057,FRENCH,49,0.455236293,SARproportion,0,0,0,SARproportion
1058,FRENCH,49,0.455236293,detections,3,25,25,detections
1059,FRENCH,49,0.455236293,BoatLaunch,0,0,0,BoatLaunch
1060,FRENCH,49,0.455236293,EBSAproportion,0,0,0,EBSAproportion
1061,FRENCH,49,0.455236293,NSResproportion,0,0,0,NSResproportion
1062,FRENCH,49,0.455236293,nativeFish,3,14.28571429,14.28571429,nativeFish
1063,FRENCH,49,0.455236293,RecFishproportion,2,25,25,RecFishproportion
1064,FRENCH,49,0.455236293,NSParksproportion,3,10.34482759,10.34482759,NSParksproportion
1065,FRENCH,49,0.455236293,salmon_stat_avg,0.8,100,100,salmon_stat_avg
1066,FRENCH,49,0.455236293,habitat_suitability_avg,0.802933333,80.60575137,80.60575137,habitat_suitability_avg
1067,FRENCH,49,0.455236293,road_desnity_avg,2.50378663,67.13352929,67.13352929,road_desnity_avg
1068,FRENCH,49,0.455236293,Temp_Vel_avg,23.63336181,52.04466868,52.04466868,Temp_Vel_avg
1069,FRENCH,49,0.455236293,X_stream_avg,1.105161193,100,100,X_stream_avg
1070,FRENCH,49,0.455236293,AqBarrier_avg,0.005774458,1.07080455,1.07080455,AqBarrier_avg
1071,FRENCH,49,0.455236293,urban_land_avg,8.459760283,33.49265457,33.49265457,urban_land_avg
1072,FRENCH,49,0.455236293,clear_cut_avg,4.813663943,31.1585281,31.1585281,clear_cut_avg
1073,FRENCH,49,0.455236293,agri_avg,6.256463463,18.56637932,18.56637932,agri_avg
1074,FRENCH,49,0.455236293,Impv_avg,0.093067357,1.598051416,1.598051416,Impv_avg
1075,FRENCH,49,0.455236293,N_Leach_avg,5.739706476,17.12042458,17.12042458,N_Leach_avg
1076,FRENCH,49,0.455236293,P_Leach_avg,0.00058305,0.112355752,0.112355752,P_Leach_avg
1077,FRENCH,49,0.455236293,pesticide_avg,0.003254238,0.25448909,0.25448909,pesticide_avg
1078,FRENCH,49,0.455236293,pollution_avg,0,0,0,pollution_avg
771,METEGHAN,36,0.456069327,SARproportion,0,0,0,SARproportion
772,METEGHAN,36,0.456069327,detections,2,16.66666667,16.66666667,detections
773,METEGHAN,36,0.456069327,BoatLaunch,0,0,0,BoatLaunch
774,METEGHAN,36,0.456069327,EBSAproportion,1,20,20,EBSAproportion
775,METEGHAN,36,0.456069327,NSResproportion,0,0,0,NSResproportion
776,METEGHAN,36,0.456069327,nativeFish,15,71.42857143,71.42857143,nativeFish
777,METEGHAN,36,0.456069327,RecFishproportion,2,25,25,RecFishproportion
778,METEGHAN,36,0.456069327,NSParksproportion,2,6.896551724,6.896551724,NSParksproportion
779,METEGHAN,36,0.456069327,salmon_stat_avg,0.2875,35.9375,35.9375,salmon_stat_avg
780,METEGHAN,36,0.456069327,habitat_suitability_avg,0.635183333,63.47337073,63.47337073,habitat_suitability_avg
781,METEGHAN,36,0.456069327,road_desnity_avg,2.525460378,67.96317299,67.96317299,road_desnity_avg
782,METEGHAN,36,0.456069327,Temp_Vel_avg,5.168375801,11.38163958,11.38163958,Temp_Vel_avg
783,METEGHAN,36,0.456069327,X_stream_avg,0.525054686,41.05396412,41.05396412,X_stream_avg
784,METEGHAN,36,0.456069327,AqBarrier_avg,0.042513574,7.883636514,7.883636514,AqBarrier_avg
785,METEGHAN,36,0.456069327,urban_land_avg,8.142422782,31.87452201,31.87452201,urban_land_avg
786,METEGHAN,36,0.456069327,clear_cut_avg,4.63300548,29.89196132,29.89196132,clear_cut_avg
787,METEGHAN,36,0.456069327,agri_avg,7.862876988,23.36241251,23.36241251,agri_avg
788,METEGHAN,36,0.456069327,Impv_avg,0.075414398,1.132903316,1.132903316,Impv_avg
789,METEGHAN,36,0.456069327,N_Leach_avg,0.917747683,2.737462283,2.737462283,N_Leach_avg
790,METEGHAN,36,0.456069327,P_Leach_avg,0.010234942,1.972309767,1.972309767,P_Leach_avg
791,METEGHAN,36,0.456069327,pesticide_avg,0,0,0,pesticide_avg
792,METEGHAN,36,0.456069327,pollution_avg,0,0,0,pollution_avg
67,INDIAN,4,0.457105127,SARproportion,0,0,0,SARproportion
68,INDIAN,4,0.457105127,detections,2,16.66666667,16.66666667,detections
69,INDIAN,4,0.457105127,BoatLaunch,0,0,0,BoatLaunch
70,INDIAN,4,0.457105127,EBSAproportion,1,20,20,EBSAproportion
71,INDIAN,4,0.457105127,NSResproportion,0,0,0,NSResproportion
72,INDIAN,4,0.457105127,nativeFish,3,14.28571429,14.28571429,nativeFish
73,INDIAN,4,0.457105127,RecFishproportion,2,25,25,RecFishproportion
74,INDIAN,4,0.457105127,NSParksproportion,6,20.68965517,20.68965517,NSParksproportion
75,INDIAN,4,0.457105127,salmon_stat_avg,0.4,50,50,salmon_stat_avg
76,INDIAN,4,0.457105127,habitat_suitability_avg,0.932088496,93.7964244,93.7964244,habitat_suitability_avg
77,INDIAN,4,0.457105127,road_desnity_avg,1.242250007,18.84349937,18.84349937,road_desnity_avg
78,INDIAN,4,0.457105127,Temp_Vel_avg,0.939653134,2.069275477,2.069275477,Temp_Vel_avg
79,INDIAN,4,0.457105127,X_stream_avg,0.37127507,25.42804264,25.42804264,X_stream_avg
80,INDIAN,4,0.457105127,AqBarrier_avg,0.016859613,3.126414681,3.126414681,AqBarrier_avg
81,INDIAN,4,0.457105127,urban_land_avg,4.040006855,10.95593301,10.95593301,urban_land_avg
82,INDIAN,4,0.457105127,clear_cut_avg,3.56103732,22.37656881,22.37656881,clear_cut_avg
83,INDIAN,4,0.457105127,agri_avg,0.229463572,0.572449982,0.572449982,agri_avg
84,INDIAN,4,0.457105127,Impv_avg,0.052529787,0.529903398,0.529903398,Impv_avg
85,INDIAN,4,0.457105127,N_Leach_avg,0.28693154,0.855860802,0.855860802,N_Leach_avg
86,INDIAN,4,0.457105127,P_Leach_avg,0,0,0,P_Leach_avg
87,INDIAN,4,0.457105127,pesticide_avg,0,0,0,pesticide_avg
88,INDIAN,4,0.457105127,pollution_avg,0,0,0,pollution_avg
397,SALMON_DEBERT,19,0.460192749,SARproportion,0.562124794,56.42225075,56.42225075,SARproportion
398,SALMON_DEBERT,19,0.460192749,detections,5,41.66666667,41.66666667,detections
399,SALMON_DEBERT,19,0.460192749,BoatLaunch,0,0,0,BoatLaunch
400,SALMON_DEBERT,19,0.460192749,EBSAproportion,1,20,20,EBSAproportion
401,SALMON_DEBERT,19,0.460192749,NSResproportion,4,80,80,NSResproportion
402,SALMON_DEBERT,19,0.460192749,nativeFish,11,52.38095238,52.38095238,nativeFish
403,SALMON_DEBERT,19,0.460192749,RecFishproportion,3,50,50,RecFishproportion
404,SALMON_DEBERT,19,0.460192749,NSParksproportion,3,10.34482759,10.34482759,NSParksproportion
405,SALMON_DEBERT,19,0.460192749,salmon_stat_avg,0.128089888,16.01123596,16.01123596,salmon_stat_avg
406,SALMON_DEBERT,19,0.460192749,habitat_suitability_avg,0.177207987,16.70014889,16.70014889,habitat_suitability_avg
407,SALMON_DEBERT,19,0.460192749,road_desnity_avg,2.756595615,76.8107382,76.8107382,road_desnity_avg
408,SALMON_DEBERT,19,0.460192749,Temp_Vel_avg,1.066404983,2.348404534,2.348404534,Temp_Vel_avg
409,SALMON_DEBERT,19,0.460192749,X_stream_avg,0.740511192,62.94702475,62.94702475,X_stream_avg
410,SALMON_DEBERT,19,0.460192749,AqBarrier_avg,0.029471167,5.465077219,5.465077219,AqBarrier_avg
411,SALMON_DEBERT,19,0.460192749,urban_land_avg,11.56813437,49.34253455,49.34253455,urban_land_avg
412,SALMON_DEBERT,19,0.460192749,clear_cut_avg,7.139867041,47.46715553,47.46715553,clear_cut_avg
413,SALMON_DEBERT,19,0.460192749,agri_avg,10.12749916,30.12356268,30.12356268,agri_avg
414,SALMON_DEBERT,19,0.460192749,Impv_avg,0.754194787,19.01848273,19.01848273,Impv_avg
415,SALMON_DEBERT,19,0.460192749,N_Leach_avg,20.84029479,62.16253333,62.16253333,N_Leach_avg
416,SALMON_DEBERT,19,0.460192749,P_Leach_avg,0.072962102,14.06005647,14.06005647,P_Leach_avg
417,SALMON_DEBERT,19,0.460192749,pesticide_avg,0.13991179,10.94143233,10.94143233,pesticide_avg
418,SALMON_DEBERT,19,0.460192749,pollution_avg,0.008948445,13.50729324,13.50729324,pollution_avg
947,NEW_HBR.SALMON,44,0.461859637,SARproportion,0,0,0,SARproportion
948,NEW_HBR.SALMON,44,0.461859637,detections,3,25,25,detections
949,NEW_HBR.SALMON,44,0.461859637,BoatLaunch,0,0,0,BoatLaunch
950,NEW_HBR.SALMON,44,0.461859637,EBSAproportion,3,60,60,EBSAproportion
951,NEW_HBR.SALMON,44,0.461859637,NSResproportion,0,0,0,NSResproportion
952,NEW_HBR.SALMON,44,0.461859637,nativeFish,13,61.9047619,61.9047619,nativeFish
953,NEW_HBR.SALMON,44,0.461859637,RecFishproportion,2,25,25,RecFishproportion
954,NEW_HBR.SALMON,44,0.461859637,NSParksproportion,5,17.24137931,17.24137931,NSParksproportion
955,NEW_HBR.SALMON,44,0.461859637,salmon_stat_avg,0.211180124,26.39751553,26.39751553,salmon_stat_avg
956,NEW_HBR.SALMON,44,0.461859637,habitat_suitability_avg,0.46718845,46.31598003,46.31598003,habitat_suitability_avg
957,NEW_HBR.SALMON,44,0.461859637,road_desnity_avg,1.131052877,14.58701356,14.58701356,road_desnity_avg
958,NEW_HBR.SALMON,44,0.461859637,Temp_Vel_avg,5.065140863,11.15429875,11.15429875,Temp_Vel_avg
959,NEW_HBR.SALMON,44,0.461859637,X_stream_avg,0.265490064,14.67897035,14.67897035,X_stream_avg
960,NEW_HBR.SALMON,44,0.461859637,AqBarrier_avg,0.013726565,2.545428082,2.545428082,AqBarrier_avg
961,NEW_HBR.SALMON,44,0.461859637,urban_land_avg,3.757266898,9.51421645,9.51421645,urban_land_avg
962,NEW_HBR.SALMON,44,0.461859637,clear_cut_avg,3.753864814,23.72845066,23.72845066,clear_cut_avg
963,NEW_HBR.SALMON,44,0.461859637,agri_avg,0.595382925,1.66492171,1.66492171,agri_avg
964,NEW_HBR.SALMON,44,0.461859637,Impv_avg,0.03715645,0.124822391,0.124822391,Impv_avg
965,NEW_HBR.SALMON,44,0.461859637,N_Leach_avg,0,0,0,N_Leach_avg
966,NEW_HBR.SALMON,44,0.461859637,P_Leach_avg,0,0,0,P_Leach_avg
967,NEW_HBR.SALMON,44,0.461859637,pesticide_avg,0,0,0,pesticide_avg
968,NEW_HBR.SALMON,44,0.461859637,pollution_avg,0,0,0,pollution_avg
859,TUSKET_RIVER,40,0.464735878,SARproportion,0,0,0,SARproportion
860,TUSKET_RIVER,40,0.464735878,detections,3,25,25,detections
861,TUSKET_RIVER,40,0.464735878,BoatLaunch,1,50,50,BoatLaunch
862,TUSKET_RIVER,40,0.464735878,EBSAproportion,2,40,40,EBSAproportion
863,TUSKET_RIVER,40,0.464735878,NSResproportion,1,20,20,NSResproportion
864,TUSKET_RIVER,40,0.464735878,nativeFish,19,90.47619048,90.47619048,nativeFish
865,TUSKET_RIVER,40,0.464735878,RecFishproportion,2,25,25,RecFishproportion
866,TUSKET_RIVER,40,0.464735878,NSParksproportion,23,79.31034483,79.31034483,NSParksproportion
867,TUSKET_RIVER,40,0.464735878,salmon_stat_avg,0,0,0,salmon_stat_avg
868,TUSKET_RIVER,40,0.464735878,habitat_suitability_avg,0.355893151,34.9493426,34.9493426,habitat_suitability_avg
869,TUSKET_RIVER,40,0.464735878,road_desnity_avg,1.603565217,32.67418966,32.67418966,road_desnity_avg
870,TUSKET_RIVER,40,0.464735878,Temp_Vel_avg,5.172929483,11.39166756,11.39166756,Temp_Vel_avg
871,TUSKET_RIVER,40,0.464735878,X_stream_avg,0.28747296,16.91270603,16.91270603,X_stream_avg
872,TUSKET_RIVER,40,0.464735878,AqBarrier_avg,0.025812193,4.786563985,4.786563985,AqBarrier_avg
873,TUSKET_RIVER,40,0.464735878,urban_land_avg,6.601812504,24.01881118,24.01881118,urban_land_avg
874,TUSKET_RIVER,40,0.464735878,clear_cut_avg,2.204259361,12.86442162,12.86442162,clear_cut_avg
875,TUSKET_RIVER,40,0.464735878,agri_avg,5.62359938,16.67692988,16.67692988,agri_avg
876,TUSKET_RIVER,40,0.464735878,Impv_avg,0.209850353,4.675234516,4.675234516,Impv_avg
877,TUSKET_RIVER,40,0.464735878,N_Leach_avg,2.365843841,7.05685059,7.05685059,N_Leach_avg
878,TUSKET_RIVER,40,0.464735878,P_Leach_avg,6.60E-05,0.01272532,0.01272532,P_Leach_avg
879,TUSKET_RIVER,40,0.464735878,pesticide_avg,0,0,0,pesticide_avg
880,TUSKET_RIVER,40,0.464735878,pollution_avg,0,0,0,pollution_avg
639,SACKVILLE,30,0.466525973,SARproportion,0,0,0,SARproportion
640,SACKVILLE,30,0.466525973,detections,12,100,100,detections
641,SACKVILLE,30,0.466525973,BoatLaunch,0,0,0,BoatLaunch
642,SACKVILLE,30,0.466525973,EBSAproportion,2,40,40,EBSAproportion
643,SACKVILLE,30,0.466525973,NSResproportion,3,60,60,NSResproportion
644,SACKVILLE,30,0.466525973,nativeFish,19,90.47619048,90.47619048,nativeFish
645,SACKVILLE,30,0.466525973,RecFishproportion,2,25,25,RecFishproportion
646,SACKVILLE,30,0.466525973,NSParksproportion,15,51.72413793,51.72413793,NSParksproportion
647,SACKVILLE,30,0.466525973,salmon_stat_avg,0.13877551,17.34693878,17.34693878,salmon_stat_avg
648,SACKVILLE,30,0.466525973,habitat_suitability_avg,0.326806452,31.97870534,31.97870534,habitat_suitability_avg
649,SACKVILLE,30,0.466525973,road_desnity_avg,3.362395675,100,100,road_desnity_avg
650,SACKVILLE,30,0.466525973,Temp_Vel_avg,21.47482248,47.29119919,47.29119919,Temp_Vel_avg
651,SACKVILLE,30,0.466525973,X_stream_avg,0.628578109,51.57323146,51.57323146,X_stream_avg
652,SACKVILLE,30,0.466525973,AqBarrier_avg,0.056939539,10.55876006,10.55876006,AqBarrier_avg
653,SACKVILLE,30,0.466525973,urban_land_avg,21.50274291,100,100,urban_land_avg
654,SACKVILLE,30,0.466525973,clear_cut_avg,1.544155313,8.236540681,8.236540681,clear_cut_avg
655,SACKVILLE,30,0.466525973,agri_avg,0.134522858,0.288999423,0.288999423,agri_avg
656,SACKVILLE,30,0.466525973,Impv_avg,3.827545922,100,100,Impv_avg
657,SACKVILLE,30,0.466525973,N_Leach_avg,2.487315853,7.419177902,7.419177902,N_Leach_avg
658,SACKVILLE,30,0.466525973,P_Leach_avg,0.001985558,0.382624028,0.382624028,P_Leach_avg
659,SACKVILLE,30,0.466525973,pesticide_avg,1.02E-05,0.000795895,0.000795895,pesticide_avg
660,SACKVILLE,30,0.466525973,pollution_avg,0.004296521,6.485414551,6.485414551,pollution_avg
331,GRAND_1,16,0.46868414,SARproportion,0,0,0,SARproportion
332,GRAND_1,16,0.46868414,detections,1,8.333333333,8.333333333,detections
333,GRAND_1,16,0.46868414,BoatLaunch,0,0,0,BoatLaunch
334,GRAND_1,16,0.46868414,EBSAproportion,1,20,20,EBSAproportion
335,GRAND_1,16,0.46868414,NSResproportion,0,0,0,NSResproportion
336,GRAND_1,16,0.46868414,nativeFish,9,42.85714286,42.85714286,nativeFish
337,GRAND_1,16,0.46868414,RecFishproportion,2,25,25,RecFishproportion
338,GRAND_1,16,0.46868414,NSParksproportion,2,6.896551724,6.896551724,NSParksproportion
339,GRAND_1,16,0.46868414,salmon_stat_avg,0.4,50,50,salmon_stat_avg
340,GRAND_1,16,0.46868414,habitat_suitability_avg,0.819167742,82.2637786,82.2637786,habitat_suitability_avg
341,GRAND_1,16,0.46868414,road_desnity_avg,2.132124645,52.9067775,52.9067775,road_desnity_avg
342,GRAND_1,16,0.46868414,Temp_Vel_avg,30.2169143,66.54276722,66.54276722,Temp_Vel_avg
343,GRAND_1,16,0.46868414,X_stream_avg,0.795560437,68.54071273,68.54071273,X_stream_avg
344,GRAND_1,16,0.46868414,AqBarrier_avg,0.013993626,2.59495139,2.59495139,AqBarrier_avg
345,GRAND_1,16,0.46868414,urban_land_avg,9.622725864,39.42272101,39.42272101,urban_land_avg
346,GRAND_1,16,0.46868414,clear_cut_avg,5.809435744,38.13972046,38.13972046,clear_cut_avg
347,GRAND_1,16,0.46868414,agri_avg,2.010841893,5.890849886,5.890849886,agri_avg
348,GRAND_1,16,0.46868414,Impv_avg,0.158449792,3.320851231,3.320851231,Impv_avg
349,GRAND_1,16,0.46868414,N_Leach_avg,0.218722093,0.65240533,0.65240533,N_Leach_avg
350,GRAND_1,16,0.46868414,P_Leach_avg,0,0,0,P_Leach_avg
351,GRAND_1,16,0.46868414,pesticide_avg,0,0,0,pesticide_avg
352,GRAND_1,16,0.46868414,pollution_avg,0,0,0,pollution_avg
23,WRECK_COVE,2,0.475349277,SARproportion,0,0,0,SARproportion
24,WRECK_COVE,2,0.475349277,detections,3,25,25,detections
25,WRECK_COVE,2,0.475349277,BoatLaunch,0,0,0,BoatLaunch
26,WRECK_COVE,2,0.475349277,EBSAproportion,2,40,40,EBSAproportion
27,WRECK_COVE,2,0.475349277,NSResproportion,0,0,0,NSResproportion
28,WRECK_COVE,2,0.475349277,nativeFish,6,28.57142857,28.57142857,nativeFish
29,WRECK_COVE,2,0.475349277,RecFishproportion,2,25,25,RecFishproportion
30,WRECK_COVE,2,0.475349277,NSParksproportion,8,27.5862069,27.5862069,NSParksproportion
31,WRECK_COVE,2,0.475349277,salmon_stat_avg,0.4,50,50,salmon_stat_avg
32,WRECK_COVE,2,0.475349277,habitat_suitability_avg,0.789087214,79.19164119,79.19164119,habitat_suitability_avg
33,WRECK_COVE,2,0.475349277,road_desnity_avg,0.749979354,0,0,road_desnity_avg
34,WRECK_COVE,2,0.475349277,Temp_Vel_avg,0.419591008,0.924010522,0.924010522,Temp_Vel_avg
35,WRECK_COVE,2,0.475349277,X_stream_avg,0.221464245,10.20539965,10.20539965,X_stream_avg
36,WRECK_COVE,2,0.475349277,AqBarrier_avg,0.021606589,4.006684926,4.006684926,AqBarrier_avg
37,WRECK_COVE,2,0.475349277,urban_land_avg,2.758321439,4.420503411,4.420503411,urban_land_avg
38,WRECK_COVE,2,0.475349277,clear_cut_avg,0.471698067,0.717719273,0.717719273,clear_cut_avg
39,WRECK_COVE,2,0.475349277,agri_avg,0.625067705,1.753547202,1.753547202,agri_avg
40,WRECK_COVE,2,0.475349277,Impv_avg,0.05145873,0.501681492,0.501681492,Impv_avg
41,WRECK_COVE,2,0.475349277,N_Leach_avg,0,0,0,N_Leach_avg
42,WRECK_COVE,2,0.475349277,P_Leach_avg,0,0,0,P_Leach_avg
43,WRECK_COVE,2,0.475349277,pesticide_avg,0,0,0,pesticide_avg
44,WRECK_COVE,2,0.475349277,pollution_avg,0,0,0,pollution_avg
1,CHETICAMP_RIVER,1,0.478820398,SARproportion,0,0,0,SARproportion
2,CHETICAMP_RIVER,1,0.478820398,detections,0,0,0,detections
3,CHETICAMP_RIVER,1,0.478820398,BoatLaunch,0,0,0,BoatLaunch
4,CHETICAMP_RIVER,1,0.478820398,EBSAproportion,0,0,0,EBSAproportion
5,CHETICAMP_RIVER,1,0.478820398,NSResproportion,0,0,0,NSResproportion
6,CHETICAMP_RIVER,1,0.478820398,nativeFish,7,33.33333333,33.33333333,nativeFish
7,CHETICAMP_RIVER,1,0.478820398,RecFishproportion,2,25,25,RecFishproportion
8,CHETICAMP_RIVER,1,0.478820398,NSParksproportion,4,13.79310345,13.79310345,NSParksproportion
9,CHETICAMP_RIVER,1,0.478820398,salmon_stat_avg,0.6,75,75,salmon_stat_avg
10,CHETICAMP_RIVER,1,0.478820398,habitat_suitability_avg,0.813588432,81.6939612,81.6939612,habitat_suitability_avg
11,CHETICAMP_RIVER,1,0.478820398,road_desnity_avg,0.768864247,0.722889888,0.722889888,road_desnity_avg
12,CHETICAMP_RIVER,1,0.478820398,Temp_Vel_avg,0.653537584,1.439200539,1.439200539,Temp_Vel_avg
13,CHETICAMP_RIVER,1,0.478820398,X_stream_avg,0.253499808,13.46061131,13.46061131,X_stream_avg
14,CHETICAMP_RIVER,1,0.478820398,AqBarrier_avg,0.005736542,1.063773375,1.063773375,AqBarrier_avg
15,CHETICAMP_RIVER,1,0.478820398,urban_land_avg,1.89140142,0,0,urban_land_avg
16,CHETICAMP_RIVER,1,0.478820398,clear_cut_avg,0.369325209,0,0,clear_cut_avg
17,CHETICAMP_RIVER,1,0.478820398,agri_avg,0.783043536,2.225192465,2.225192465,agri_avg
18,CHETICAMP_RIVER,1,0.478820398,Impv_avg,0.037672695,0.138425244,0.138425244,Impv_avg
19,CHETICAMP_RIVER,1,0.478820398,N_Leach_avg,0,0,0,N_Leach_avg
20,CHETICAMP_RIVER,1,0.478820398,P_Leach_avg,0,0,0,P_Leach_avg
21,CHETICAMP_RIVER,1,0.478820398,pesticide_avg,0,0,0,pesticide_avg
22,CHETICAMP_RIVER,1,0.478820398,pollution_avg,0,0,0,pollution_avg
595,TANGIER,28,0.47883205,SARproportion,0,0,0,SARproportion
596,TANGIER,28,0.47883205,detections,4,33.33333333,33.33333333,detections
597,TANGIER,28,0.47883205,BoatLaunch,0,0,0,BoatLaunch
598,TANGIER,28,0.47883205,EBSAproportion,2,40,40,EBSAproportion
599,TANGIER,28,0.47883205,NSResproportion,0,0,0,NSResproportion
600,TANGIER,28,0.47883205,nativeFish,16,76.19047619,76.19047619,nativeFish
601,TANGIER,28,0.47883205,RecFishproportion,1,0,0,RecFishproportion
602,TANGIER,28,0.47883205,NSParksproportion,17,58.62068966,58.62068966,NSParksproportion
603,TANGIER,28,0.47883205,salmon_stat_avg,0.028193833,3.524229075,3.524229075,salmon_stat_avg
604,TANGIER,28,0.47883205,habitat_suitability_avg,0.344933108,33.82998871,33.82998871,habitat_suitability_avg
605,TANGIER,28,0.47883205,road_desnity_avg,1.260091098,19.5264338,19.5264338,road_desnity_avg
606,TANGIER,28,0.47883205,Temp_Vel_avg,1.594876095,3.512187501,3.512187501,Temp_Vel_avg
607,TANGIER,28,0.47883205,X_stream_avg,0.303863464,18.57818512,18.57818512,X_stream_avg
608,TANGIER,28,0.47883205,AqBarrier_avg,0.008170729,1.515164495,1.515164495,AqBarrier_avg
609,TANGIER,28,0.47883205,urban_land_avg,4.230932358,11.92947937,11.92947937,urban_land_avg
610,TANGIER,28,0.47883205,clear_cut_avg,5.533373281,36.20429193,36.20429193,clear_cut_avg
611,TANGIER,28,0.47883205,agri_avg,0.180014789,0.424818004,0.424818004,agri_avg
612,TANGIER,28,0.47883205,Impv_avg,0.033840972,0.037460941,0.037460941,Impv_avg
613,TANGIER,28,0.47883205,N_Leach_avg,0.256676792,0.76561679,0.76561679,N_Leach_avg
614,TANGIER,28,0.47883205,P_Leach_avg,0,0,0,P_Leach_avg
615,TANGIER,28,0.47883205,pesticide_avg,0.001104239,0.08635408,0.08635408,pesticide_avg
616,TANGIER,28,0.47883205,pollution_avg,0,0,0,pollution_avg
1013,CLAM_HRB.ST..FRANCIS,47,0.478902465,SARproportion,0,0,0,SARproportion
1014,CLAM_HRB.ST..FRANCIS,47,0.478902465,detections,0,0,0,detections
1015,CLAM_HRB.ST..FRANCIS,47,0.478902465,BoatLaunch,0,0,0,BoatLaunch
1016,CLAM_HRB.ST..FRANCIS,47,0.478902465,EBSAproportion,0,0,0,EBSAproportion
1017,CLAM_HRB.ST..FRANCIS,47,0.478902465,NSResproportion,0,0,0,NSResproportion
1018,CLAM_HRB.ST..FRANCIS,47,0.478902465,nativeFish,12,57.14285714,57.14285714,nativeFish
1019,CLAM_HRB.ST..FRANCIS,47,0.478902465,RecFishproportion,2,25,25,RecFishproportion
1020,CLAM_HRB.ST..FRANCIS,47,0.478902465,NSParksproportion,3,10.34482759,10.34482759,NSParksproportion
1021,CLAM_HRB.ST..FRANCIS,47,0.478902465,salmon_stat_avg,0.4,50,50,salmon_stat_avg
1022,CLAM_HRB.ST..FRANCIS,47,0.478902465,habitat_suitability_avg,0.859811861,86.41478019,86.41478019,habitat_suitability_avg
1023,CLAM_HRB.ST..FRANCIS,47,0.478902465,road_desnity_avg,2.073987595,50.6813646,50.6813646,road_desnity_avg
1024,CLAM_HRB.ST..FRANCIS,47,0.478902465,Temp_Vel_avg,7.644974213,16.83552908,16.83552908,Temp_Vel_avg
1025,CLAM_HRB.ST..FRANCIS,47,0.478902465,X_stream_avg,0.607256167,49.40665697,49.40665697,X_stream_avg
1026,CLAM_HRB.ST..FRANCIS,47,0.478902465,AqBarrier_avg,0.025262845,4.684694077,4.684694077,AqBarrier_avg
1027,CLAM_HRB.ST..FRANCIS,47,0.478902465,urban_land_avg,6.24891317,22.21934564,22.21934564,urban_land_avg
1028,CLAM_HRB.ST..FRANCIS,47,0.478902465,clear_cut_avg,8.677643426,58.24825292,58.24825292,clear_cut_avg
1029,CLAM_HRB.ST..FRANCIS,47,0.478902465,agri_avg,2.599884489,7.649467946,7.649467946,agri_avg
1030,CLAM_HRB.ST..FRANCIS,47,0.478902465,Impv_avg,0.134311047,2.684805389,2.684805389,Impv_avg
1031,CLAM_HRB.ST..FRANCIS,47,0.478902465,N_Leach_avg,1.710849964,5.103131649,5.103131649,N_Leach_avg
1032,CLAM_HRB.ST..FRANCIS,47,0.478902465,P_Leach_avg,0,0,0,P_Leach_avg
1033,CLAM_HRB.ST..FRANCIS,47,0.478902465,pesticide_avg,2.87E-05,0.002244533,0.002244533,pesticide_avg
1034,CLAM_HRB.ST..FRANCIS,47,0.478902465,pollution_avg,0,0,0,pollution_avg
155,RIVER_INHABITANTS,8,0.489801734,SARproportion,0,0,0,SARproportion
156,RIVER_INHABITANTS,8,0.489801734,detections,2,16.66666667,16.66666667,detections
157,RIVER_INHABITANTS,8,0.489801734,BoatLaunch,0,0,0,BoatLaunch
158,RIVER_INHABITANTS,8,0.489801734,EBSAproportion,0,0,0,EBSAproportion
159,RIVER_INHABITANTS,8,0.489801734,NSResproportion,0,0,0,NSResproportion
160,RIVER_INHABITANTS,8,0.489801734,nativeFish,10,47.61904762,47.61904762,nativeFish
161,RIVER_INHABITANTS,8,0.489801734,RecFishproportion,2,25,25,RecFishproportion
162,RIVER_INHABITANTS,8,0.489801734,NSParksproportion,10,34.48275862,34.48275862,NSParksproportion
163,RIVER_INHABITANTS,8,0.489801734,salmon_stat_avg,0.52173913,65.2173913,65.2173913,salmon_stat_avg
164,RIVER_INHABITANTS,8,0.489801734,habitat_suitability_avg,0.837628692,84.14920347,84.14920347,habitat_suitability_avg
165,RIVER_INHABITANTS,8,0.489801734,road_desnity_avg,2.018635938,48.56257305,48.56257305,road_desnity_avg
166,RIVER_INHABITANTS,8,0.489801734,Temp_Vel_avg,17.75316646,39.09548181,39.09548181,Temp_Vel_avg
167,RIVER_INHABITANTS,8,0.489801734,X_stream_avg,0.829690384,72.00873975,72.00873975,X_stream_avg
168,RIVER_INHABITANTS,8,0.489801734,AqBarrier_avg,0.013184717,2.44494897,2.44494897,AqBarrier_avg
169,RIVER_INHABITANTS,8,0.489801734,urban_land_avg,7.791097995,30.08308522,30.08308522,urban_land_avg
170,RIVER_INHABITANTS,8,0.489801734,clear_cut_avg,2.84628525,17.36555957,17.36555957,clear_cut_avg
171,RIVER_INHABITANTS,8,0.489801734,agri_avg,6.773801309,20.11091903,20.11091903,agri_avg
172,RIVER_INHABITANTS,8,0.489801734,Impv_avg,0.177324574,3.818193863,3.818193863,Impv_avg
173,RIVER_INHABITANTS,8,0.489801734,N_Leach_avg,6.692289555,19.96179405,19.96179405,N_Leach_avg
174,RIVER_INHABITANTS,8,0.489801734,P_Leach_avg,0,0,0,P_Leach_avg
175,RIVER_INHABITANTS,8,0.489801734,pesticide_avg,0.001163186,0.090963889,0.090963889,pesticide_avg
176,RIVER_INHABITANTS,8,0.489801734,pollution_avg,0.005181858,7.82179132,7.82179132,pollution_avg
1035,SOUTH_WEST,48,0.490040793,SARproportion,0,0,0,SARproportion
1036,SOUTH_WEST,48,0.490040793,detections,2,16.66666667,16.66666667,detections
1037,SOUTH_WEST,48,0.490040793,BoatLaunch,0,0,0,BoatLaunch
1038,SOUTH_WEST,48,0.490040793,EBSAproportion,1,20,20,EBSAproportion
1039,SOUTH_WEST,48,0.490040793,NSResproportion,0,0,0,NSResproportion
1040,SOUTH_WEST,48,0.490040793,nativeFish,13,61.9047619,61.9047619,nativeFish
1041,SOUTH_WEST,48,0.490040793,RecFishproportion,3,50,50,RecFishproportion
1042,SOUTH_WEST,48,0.490040793,NSParksproportion,6,20.68965517,20.68965517,NSParksproportion
1043,SOUTH_WEST,48,0.490040793,salmon_stat_avg,0.514503817,64.3129771,64.3129771,salmon_stat_avg
1044,SOUTH_WEST,48,0.490040793,habitat_suitability_avg,0.892958544,89.80006538,89.80006538,habitat_suitability_avg
1045,SOUTH_WEST,48,0.490040793,road_desnity_avg,2.3307976,60.51172752,60.51172752,road_desnity_avg
1046,SOUTH_WEST,48,0.490040793,Temp_Vel_avg,27.62827771,60.84215065,60.84215065,Temp_Vel_avg
1047,SOUTH_WEST,48,0.490040793,X_stream_avg,0.978793704,87.15949144,87.15949144,X_stream_avg
1048,SOUTH_WEST,48,0.490040793,AqBarrier_avg,0.024843529,4.606936797,4.606936797,AqBarrier_avg
1049,SOUTH_WEST,48,0.490040793,urban_land_avg,8.139068106,31.85741622,31.85741622,urban_land_avg
1050,SOUTH_WEST,48,0.490040793,clear_cut_avg,4.627022762,29.85001747,29.85001747,clear_cut_avg
1051,SOUTH_WEST,48,0.490040793,agri_avg,11.33472681,33.72780517,33.72780517,agri_avg
1052,SOUTH_WEST,48,0.490040793,Impv_avg,0.273885657,6.362538019,6.362538019,Impv_avg
1053,SOUTH_WEST,48,0.490040793,N_Leach_avg,18.11501791,54.03356411,54.03356411,N_Leach_avg
1054,SOUTH_WEST,48,0.490040793,P_Leach_avg,0.05068604,9.767380095,9.767380095,P_Leach_avg
1055,SOUTH_WEST,48,0.490040793,pesticide_avg,0.04621043,3.613764724,3.613764724,pesticide_avg
1056,SOUTH_WEST,48,0.490040793,pollution_avg,0,0,0,pollution_avg
45,MARGAREE,3,0.49973698,SARproportion,0,0,0,SARproportion
46,MARGAREE,3,0.49973698,detections,1,8.333333333,8.333333333,detections
47,MARGAREE,3,0.49973698,BoatLaunch,1,50,50,BoatLaunch
48,MARGAREE,3,0.49973698,EBSAproportion,0,0,0,EBSAproportion
49,MARGAREE,3,0.49973698,NSResproportion,1,20,20,NSResproportion
50,MARGAREE,3,0.49973698,nativeFish,7,33.33333333,33.33333333,nativeFish
51,MARGAREE,3,0.49973698,RecFishproportion,2,25,25,RecFishproportion
52,MARGAREE,3,0.49973698,NSParksproportion,14,48.27586207,48.27586207,NSParksproportion
53,MARGAREE,3,0.49973698,salmon_stat_avg,0.730097087,91.26213592,91.26213592,salmon_stat_avg
54,MARGAREE,3,0.49973698,habitat_suitability_avg,0.896864499,90.19898223,90.19898223,habitat_suitability_avg
55,MARGAREE,3,0.49973698,road_desnity_avg,1.598889506,32.49520932,32.49520932,road_desnity_avg
56,MARGAREE,3,0.49973698,Temp_Vel_avg,0.988680828,2.17724277,2.17724277,Temp_Vel_avg
57,MARGAREE,3,0.49973698,X_stream_avg,0.632652928,51.98728375,51.98728375,X_stream_avg
58,MARGAREE,3,0.49973698,AqBarrier_avg,0.004123224,0.764602921,0.764602921,AqBarrier_avg
59,MARGAREE,3,0.49973698,urban_land_avg,4.531763136,13.46344266,13.46344266,urban_land_avg
60,MARGAREE,3,0.49973698,clear_cut_avg,3.481812794,21.82113868,21.82113868,clear_cut_avg
61,MARGAREE,3,0.49973698,agri_avg,4.058086592,12.00300803,12.00300803,agri_avg
62,MARGAREE,3,0.49973698,Impv_avg,0.032419282,0,0,Impv_avg
63,MARGAREE,3,0.49973698,N_Leach_avg,0.140155356,0.418056083,0.418056083,N_Leach_avg
64,MARGAREE,3,0.49973698,P_Leach_avg,0,0,0,P_Leach_avg
65,MARGAREE,3,0.49973698,pesticide_avg,7.49E-05,0.005858569,0.005858569,pesticide_avg
66,MARGAREE,3,0.49973698,pollution_avg,0,0,0,pollution_avg
969,ST_.MARYS,45,0.508408738,SARproportion,0.417240444,41.87974842,41.87974842,SARproportion
970,ST_.MARYS,45,0.508408738,detections,1,8.333333333,8.333333333,detections
971,ST_.MARYS,45,0.508408738,BoatLaunch,0,0,0,BoatLaunch
972,ST_.MARYS,45,0.508408738,EBSAproportion,0,0,0,EBSAproportion
973,ST_.MARYS,45,0.508408738,NSResproportion,0,0,0,NSResproportion
974,ST_.MARYS,45,0.508408738,nativeFish,20,95.23809524,95.23809524,nativeFish
975,ST_.MARYS,45,0.508408738,RecFishproportion,5,100,100,RecFishproportion
976,ST_.MARYS,45,0.508408738,NSParksproportion,9,31.03448276,31.03448276,NSParksproportion
977,ST_.MARYS,45,0.508408738,salmon_stat_avg,0.4,50,50,salmon_stat_avg
978,ST_.MARYS,45,0.508408738,habitat_suitability_avg,0.979021818,98.5897451,98.5897451,habitat_suitability_avg
979,ST_.MARYS,45,0.508408738,road_desnity_avg,1.875959371,43.10109411,43.10109411,road_desnity_avg
980,ST_.MARYS,45,0.508408738,Temp_Vel_avg,3.106687766,6.841453059,6.841453059,Temp_Vel_avg
981,ST_.MARYS,45,0.508408738,X_stream_avg,0.537982809,42.36762224,42.36762224,X_stream_avg
982,ST_.MARYS,45,0.508408738,AqBarrier_avg,0.009606108,1.781338519,1.781338519,AqBarrier_avg
983,ST_.MARYS,45,0.508408738,urban_land_avg,5.297776414,17.36941348,17.36941348,urban_land_avg
984,ST_.MARYS,45,0.508408738,clear_cut_avg,7.739368061,51.67015861,51.67015861,clear_cut_avg
985,ST_.MARYS,45,0.508408738,agri_avg,1.836342524,5.369872721,5.369872721,agri_avg
986,ST_.MARYS,45,0.508408738,Impv_avg,0.037033367,0.121579209,0.121579209,Impv_avg
987,ST_.MARYS,45,0.508408738,N_Leach_avg,1.104512411,3.294545028,3.294545028,N_Leach_avg
988,ST_.MARYS,45,0.508408738,P_Leach_avg,0.000744417,0.143451779,0.143451779,P_Leach_avg
989,ST_.MARYS,45,0.508408738,pesticide_avg,0.004132665,0.323184173,0.323184173,pesticide_avg
990,ST_.MARYS,45,0.508408738,pollution_avg,3.99E-05,0.060156876,0.060156876,pollution_avg
89,NORTH_BADDECK.MIDDLE,5,0.517461092,SARproportion,0,0,0,SARproportion
90,NORTH_BADDECK.MIDDLE,5,0.517461092,detections,1,8.333333333,8.333333333,detections
91,NORTH_BADDECK.MIDDLE,5,0.517461092,BoatLaunch,0,0,0,BoatLaunch
92,NORTH_BADDECK.MIDDLE,5,0.517461092,EBSAproportion,1,20,20,EBSAproportion
93,NORTH_BADDECK.MIDDLE,5,0.517461092,NSResproportion,1,20,20,NSResproportion
94,NORTH_BADDECK.MIDDLE,5,0.517461092,nativeFish,5,23.80952381,23.80952381,nativeFish
95,NORTH_BADDECK.MIDDLE,5,0.517461092,RecFishproportion,2,25,25,RecFishproportion
96,NORTH_BADDECK.MIDDLE,5,0.517461092,NSParksproportion,13,44.82758621,44.82758621,NSParksproportion
97,NORTH_BADDECK.MIDDLE,5,0.517461092,salmon_stat_avg,0.4,50,50,salmon_stat_avg
98,NORTH_BADDECK.MIDDLE,5,0.517461092,habitat_suitability_avg,0.916039318,92.15731494,92.15731494,habitat_suitability_avg
99,NORTH_BADDECK.MIDDLE,5,0.517461092,road_desnity_avg,1.55895245,30.9664692,30.9664692,road_desnity_avg
100,NORTH_BADDECK.MIDDLE,5,0.517461092,Temp_Vel_avg,0.650612771,1.432759604,1.432759604,Temp_Vel_avg
101,NORTH_BADDECK.MIDDLE,5,0.517461092,X_stream_avg,0.521543312,40.69716485,40.69716485,X_stream_avg
102,NORTH_BADDECK.MIDDLE,5,0.517461092,AqBarrier_avg,0.004681844,0.868192342,0.868192342,AqBarrier_avg
103,NORTH_BADDECK.MIDDLE,5,0.517461092,urban_land_avg,5.455025844,18.17124252,18.17124252,urban_land_avg
104,NORTH_BADDECK.MIDDLE,5,0.517461092,clear_cut_avg,4.748963768,30.70492581,30.70492581,clear_cut_avg
105,NORTH_BADDECK.MIDDLE,5,0.517461092,agri_avg,3.311316269,9.773485436,9.773485436,agri_avg
106,NORTH_BADDECK.MIDDLE,5,0.517461092,Impv_avg,0.126924416,2.490170762,2.490170762,Impv_avg
107,NORTH_BADDECK.MIDDLE,5,0.517461092,N_Leach_avg,0.557356919,1.662486945,1.662486945,N_Leach_avg
108,NORTH_BADDECK.MIDDLE,5,0.517461092,P_Leach_avg,0,0,0,P_Leach_avg
109,NORTH_BADDECK.MIDDLE,5,0.517461092,pesticide_avg,2.70E-07,2.11E-05,2.11E-05,pesticide_avg
110,NORTH_BADDECK.MIDDLE,5,0.517461092,pollution_avg,0,0,0,pollution_avg
683,GOLD,32,0.524169015,SARproportion,0.195743449,19.6473916,19.6473916,SARproportion
684,GOLD,32,0.524169015,detections,9,75,75,detections
685,GOLD,32,0.524169015,BoatLaunch,0,0,0,BoatLaunch
686,GOLD,32,0.524169015,EBSAproportion,1,20,20,EBSAproportion
687,GOLD,32,0.524169015,NSResproportion,3,60,60,NSResproportion
688,GOLD,32,0.524169015,nativeFish,20,95.23809524,95.23809524,nativeFish
689,GOLD,32,0.524169015,RecFishproportion,2,25,25,RecFishproportion
690,GOLD,32,0.524169015,NSParksproportion,3,10.34482759,10.34482759,NSParksproportion
691,GOLD,32,0.524169015,salmon_stat_avg,0.27961165,34.95145631,34.95145631,salmon_stat_avg
692,GOLD,32,0.524169015,habitat_suitability_avg,0.836042885,83.98724431,83.98724431,habitat_suitability_avg
693,GOLD,32,0.524169015,road_desnity_avg,2.206725044,55.76238667,55.76238667,road_desnity_avg
694,GOLD,32,0.524169015,Temp_Vel_avg,2.238335586,4.92919437,4.92919437,Temp_Vel_avg
695,GOLD,32,0.524169015,X_stream_avg,0.348344223,23.09798344,23.09798344,X_stream_avg
696,GOLD,32,0.524169015,AqBarrier_avg,0.011164972,2.07041116,2.07041116,AqBarrier_avg
697,GOLD,32,0.524169015,urban_land_avg,9.476166635,38.67540228,38.67540228,urban_land_avg
698,GOLD,32,0.524169015,clear_cut_avg,3.995120974,25.41985793,25.41985793,clear_cut_avg
699,GOLD,32,0.524169015,agri_avg,4.942188752,14.64254214,14.64254214,agri_avg
700,GOLD,32,0.524169015,Impv_avg,0.179216379,3.868042131,3.868042131,Impv_avg
701,GOLD,32,0.524169015,N_Leach_avg,6.053475082,18.05633511,18.05633511,N_Leach_avg
702,GOLD,32,0.524169015,P_Leach_avg,0.000503538,0.097033538,0.097033538,P_Leach_avg
703,GOLD,32,0.524169015,pesticide_avg,0,0,0,pesticide_avg
704,GOLD,32,0.524169015,pollution_avg,0,0,0,pollution_avg
881,LISCOMB,41,0.529012588,SARproportion,0,0,0,SARproportion
882,LISCOMB,41,0.529012588,detections,0,0,0,detections
883,LISCOMB,41,0.529012588,BoatLaunch,0,0,0,BoatLaunch
884,LISCOMB,41,0.529012588,EBSAproportion,1,20,20,EBSAproportion
885,LISCOMB,41,0.529012588,NSResproportion,0,0,0,NSResproportion
886,LISCOMB,41,0.529012588,nativeFish,15,71.42857143,71.42857143,nativeFish
887,LISCOMB,41,0.529012588,RecFishproportion,2,25,25,RecFishproportion
888,LISCOMB,41,0.529012588,NSParksproportion,11,37.93103448,37.93103448,NSParksproportion
889,LISCOMB,41,0.529012588,salmon_stat_avg,0.35335277,44.16909621,44.16909621,salmon_stat_avg
890,LISCOMB,41,0.529012588,habitat_suitability_avg,0.801740102,80.48388608,80.48388608,habitat_suitability_avg
891,LISCOMB,41,0.529012588,road_desnity_avg,1.38460778,24.29277526,24.29277526,road_desnity_avg
892,LISCOMB,41,0.529012588,Temp_Vel_avg,2.507758082,5.522508375,5.522508375,Temp_Vel_avg
893,LISCOMB,41,0.529012588,X_stream_avg,0.269107775,15.04657485,15.04657485,X_stream_avg
894,LISCOMB,41,0.529012588,AqBarrier_avg,0.003578666,0.66362111,0.66362111,AqBarrier_avg
895,LISCOMB,41,0.529012588,urban_land_avg,3.651680181,8.975820251,8.975820251,urban_land_avg
896,LISCOMB,41,0.529012588,clear_cut_avg,7.538426664,50.26139151,50.26139151,clear_cut_avg
897,LISCOMB,41,0.529012588,agri_avg,0.046822894,0.027166506,0.027166506,agri_avg
898,LISCOMB,41,0.529012588,Impv_avg,0.036115784,0.097401286,0.097401286,Impv_avg
899,LISCOMB,41,0.529012588,N_Leach_avg,0,0,0,N_Leach_avg
900,LISCOMB,41,0.529012588,P_Leach_avg,0,0,0,P_Leach_avg
901,LISCOMB,41,0.529012588,pesticide_avg,0,0,0,pesticide_avg
902,LISCOMB,41,0.529012588,pollution_avg,0,0,0,pollution_avg
265,GRAND,13,0.541448935,SARproportion,0,0,0,SARproportion
266,GRAND,13,0.541448935,detections,1,8.333333333,8.333333333,detections
267,GRAND,13,0.541448935,BoatLaunch,0,0,0,BoatLaunch
268,GRAND,13,0.541448935,EBSAproportion,2,40,40,EBSAproportion
269,GRAND,13,0.541448935,NSResproportion,1,20,20,NSResproportion
270,GRAND,13,0.541448935,nativeFish,14,66.66666667,66.66666667,nativeFish
271,GRAND,13,0.541448935,RecFishproportion,2,25,25,RecFishproportion
272,GRAND,13,0.541448935,NSParksproportion,2,6.896551724,6.896551724,NSParksproportion
273,GRAND,13,0.541448935,salmon_stat_avg,0.4,50,50,salmon_stat_avg
274,GRAND,13,0.541448935,habitat_suitability_avg,0.906852391,91.21905002,91.21905002,habitat_suitability_avg
275,GRAND,13,0.541448935,road_desnity_avg,2.115922629,52.28658478,52.28658478,road_desnity_avg
276,GRAND,13,0.541448935,Temp_Vel_avg,30.2169143,66.54276722,66.54276722,Temp_Vel_avg
277,GRAND,13,0.541448935,X_stream_avg,0.69919757,58.74904699,58.74904699,X_stream_avg
278,GRAND,13,0.541448935,AqBarrier_avg,0.002782957,0.516066202,0.516066202,AqBarrier_avg
279,GRAND,13,0.541448935,urban_land_avg,7.618369809,29.20232862,29.20232862,urban_land_avg
280,GRAND,13,0.541448935,clear_cut_avg,5.823492101,38.23826727,38.23826727,clear_cut_avg
281,GRAND,13,0.541448935,agri_avg,2.419416119,7.11067001,7.11067001,agri_avg
282,GRAND,13,0.541448935,Impv_avg,0.078860577,1.223708701,1.223708701,Impv_avg
283,GRAND,13,0.541448935,N_Leach_avg,0,0,0,N_Leach_avg
284,GRAND,13,0.541448935,P_Leach_avg,0,0,0,P_Leach_avg
285,GRAND,13,0.541448935,pesticide_avg,0,0,0,pesticide_avg
286,GRAND,13,0.541448935,pollution_avg,0,0,0,pollution_avg
243,PHILIP_WALLACE,12,0.553370595,SARproportion,0.196762414,19.74966834,19.74966834,SARproportion
244,PHILIP_WALLACE,12,0.553370595,detections,0,0,0,detections
245,PHILIP_WALLACE,12,0.553370595,BoatLaunch,0,0,0,BoatLaunch
246,PHILIP_WALLACE,12,0.553370595,EBSAproportion,0,0,0,EBSAproportion
247,PHILIP_WALLACE,12,0.553370595,NSResproportion,0,0,0,NSResproportion
248,PHILIP_WALLACE,12,0.553370595,nativeFish,13,61.9047619,61.9047619,nativeFish
249,PHILIP_WALLACE,12,0.553370595,RecFishproportion,2,25,25,RecFishproportion
250,PHILIP_WALLACE,12,0.553370595,NSParksproportion,9,31.03448276,31.03448276,NSParksproportion
251,PHILIP_WALLACE,12,0.553370595,salmon_stat_avg,0.6,75,75,salmon_stat_avg
252,PHILIP_WALLACE,12,0.553370595,habitat_suitability_avg,0.901590805,90.68168192,90.68168192,habitat_suitability_avg
253,PHILIP_WALLACE,12,0.553370595,road_desnity_avg,2.357388784,61.52960447,61.52960447,road_desnity_avg
254,PHILIP_WALLACE,12,0.553370595,Temp_Vel_avg,2.82467668,6.220416846,6.220416846,Temp_Vel_avg
255,PHILIP_WALLACE,12,0.553370595,X_stream_avg,0.701859409,59.01952287,59.01952287,X_stream_avg
256,PHILIP_WALLACE,12,0.553370595,AqBarrier_avg,0.026741143,4.958826833,4.958826833,AqBarrier_avg
257,PHILIP_WALLACE,12,0.553370595,urban_land_avg,6.293530773,22.44685482,22.44685482,urban_land_avg
258,PHILIP_WALLACE,12,0.553370595,clear_cut_avg,6.949738385,46.13419478,46.13419478,clear_cut_avg
259,PHILIP_WALLACE,12,0.553370595,agri_avg,10.32092555,30.70104746,30.70104746,agri_avg
260,PHILIP_WALLACE,12,0.553370595,Impv_avg,0.157706109,3.301255511,3.301255511,Impv_avg
261,PHILIP_WALLACE,12,0.553370595,N_Leach_avg,11.48801933,34.2665203,34.2665203,N_Leach_avg
262,PHILIP_WALLACE,12,0.553370595,P_Leach_avg,0.051554324,9.934701521,9.934701521,P_Leach_avg
263,PHILIP_WALLACE,12,0.553370595,pesticide_avg,0.102587379,8.022575211,8.022575211,pesticide_avg
264,PHILIP_WALLACE,12,0.553370595,pollution_avg,0,0,0,pollution_avg
661,LAHAVE,31,0.554479934,SARproportion,0.195743449,19.6473916,19.6473916,SARproportion
662,LAHAVE,31,0.554479934,detections,3,25,25,detections
663,LAHAVE,31,0.554479934,BoatLaunch,0,0,0,BoatLaunch
664,LAHAVE,31,0.554479934,EBSAproportion,1,20,20,EBSAproportion
665,LAHAVE,31,0.554479934,NSResproportion,0,0,0,NSResproportion
666,LAHAVE,31,0.554479934,nativeFish,21,100,100,nativeFish
667,LAHAVE,31,0.554479934,RecFishproportion,3,50,50,RecFishproportion
668,LAHAVE,31,0.554479934,NSParksproportion,13,44.82758621,44.82758621,NSParksproportion
669,LAHAVE,31,0.554479934,salmon_stat_avg,0.4,50,50,salmon_stat_avg
670,LAHAVE,31,0.554479934,habitat_suitability_avg,0.943921717,95.00495648,95.00495648,habitat_suitability_avg
671,LAHAVE,31,0.554479934,road_desnity_avg,2.261675025,57.86580259,57.86580259,road_desnity_avg
672,LAHAVE,31,0.554479934,Temp_Vel_avg,5.583519087,12.29585546,12.29585546,Temp_Vel_avg
673,LAHAVE,31,0.554479934,X_stream_avg,0.410142727,29.37748003,29.37748003,X_stream_avg
674,LAHAVE,31,0.554479934,AqBarrier_avg,0.007952797,1.474751624,1.474751624,AqBarrier_avg
675,LAHAVE,31,0.554479934,urban_land_avg,7.099080773,26.55442696,26.55442696,urban_land_avg
676,LAHAVE,31,0.554479934,clear_cut_avg,5.948295782,39.11324536,39.11324536,clear_cut_avg
677,LAHAVE,31,0.554479934,agri_avg,6.519984558,19.3531356,19.3531356,agri_avg
678,LAHAVE,31,0.554479934,Impv_avg,0.122400986,2.370980271,2.370980271,Impv_avg
679,LAHAVE,31,0.554479934,N_Leach_avg,8.94699591,26.6871432,26.6871432,N_Leach_avg
680,LAHAVE,31,0.554479934,P_Leach_avg,0,0,0,P_Leach_avg
681,LAHAVE,31,0.554479934,pesticide_avg,0,0,0,pesticide_avg
682,LAHAVE,31,0.554479934,pollution_avg,0.000669106,1.00998657,1.00998657,pollution_avg
551,ANNAPOLIS,26,0.556010319,SARproportion,0.195743449,19.6473916,19.6473916,SARproportion
552,ANNAPOLIS,26,0.556010319,detections,4,33.33333333,33.33333333,detections
553,ANNAPOLIS,26,0.556010319,BoatLaunch,0,0,0,BoatLaunch
554,ANNAPOLIS,26,0.556010319,EBSAproportion,0,0,0,EBSAproportion
555,ANNAPOLIS,26,0.556010319,NSResproportion,2,40,40,NSResproportion
556,ANNAPOLIS,26,0.556010319,nativeFish,15,71.42857143,71.42857143,nativeFish
557,ANNAPOLIS,26,0.556010319,RecFishproportion,2,25,25,RecFishproportion
558,ANNAPOLIS,26,0.556010319,NSParksproportion,12,41.37931034,41.37931034,NSParksproportion
559,ANNAPOLIS,26,0.556010319,salmon_stat_avg,0.4,50,50,salmon_stat_avg
560,ANNAPOLIS,26,0.556010319,habitat_suitability_avg,0.913406061,91.88837917,91.88837917,habitat_suitability_avg
561,ANNAPOLIS,26,0.556010319,road_desnity_avg,2.260921389,57.83695436,57.83695436,road_desnity_avg
562,ANNAPOLIS,26,0.556010319,Temp_Vel_avg,11.11746752,24.48254795,24.48254795,Temp_Vel_avg
563,ANNAPOLIS,26,0.556010319,X_stream_avg,0.742868998,63.18660721,63.18660721,X_stream_avg
564,ANNAPOLIS,26,0.556010319,AqBarrier_avg,0.067203491,12.46208776,12.46208776,AqBarrier_avg
565,ANNAPOLIS,26,0.556010319,urban_land_avg,8.264036211,32.49463986,32.49463986,urban_land_avg
566,ANNAPOLIS,26,0.556010319,clear_cut_avg,5.448842271,35.61165892,35.61165892,clear_cut_avg
567,ANNAPOLIS,26,0.556010319,agri_avg,15.10750969,44.9916495,44.9916495,agri_avg
568,ANNAPOLIS,26,0.556010319,Impv_avg,0.22220761,5.000843085,5.000843085,Impv_avg
569,ANNAPOLIS,26,0.556010319,N_Leach_avg,14.88311906,44.39344038,44.39344038,N_Leach_avg
570,ANNAPOLIS,26,0.556010319,P_Leach_avg,0.259249688,49.9583363,49.9583363,P_Leach_avg
571,ANNAPOLIS,26,0.556010319,pesticide_avg,0.175843144,13.75134905,13.75134905,pesticide_avg
572,ANNAPOLIS,26,0.556010319,pollution_avg,0,0,0,pollution_avg
177,RIVER_DENYS.BIG,9,0.560639499,SARproportion,0,0,0,SARproportion
178,RIVER_DENYS.BIG,9,0.560639499,detections,1,8.333333333,8.333333333,detections
179,RIVER_DENYS.BIG,9,0.560639499,BoatLaunch,0,0,0,BoatLaunch
180,RIVER_DENYS.BIG,9,0.560639499,EBSAproportion,1,20,20,EBSAproportion
181,RIVER_DENYS.BIG,9,0.560639499,NSResproportion,2,40,40,NSResproportion
182,RIVER_DENYS.BIG,9,0.560639499,nativeFish,5,23.80952381,23.80952381,nativeFish
183,RIVER_DENYS.BIG,9,0.560639499,RecFishproportion,2,25,25,RecFishproportion
184,RIVER_DENYS.BIG,9,0.560639499,NSParksproportion,19,65.51724138,65.51724138,NSParksproportion
185,RIVER_DENYS.BIG,9,0.560639499,salmon_stat_avg,0.4,50,50,salmon_stat_avg
186,RIVER_DENYS.BIG,9,0.560639499,habitat_suitability_avg,0.940407692,94.64606759,94.64606759,habitat_suitability_avg
187,RIVER_DENYS.BIG,9,0.560639499,road_desnity_avg,1.740942632,37.93282372,37.93282372,road_desnity_avg
188,RIVER_DENYS.BIG,9,0.560639499,Temp_Vel_avg,1.146369995,2.524501044,2.524501044,Temp_Vel_avg
189,RIVER_DENYS.BIG,9,0.560639499,X_stream_avg,0.755892785,64.50998596,64.50998596,X_stream_avg
190,RIVER_DENYS.BIG,9,0.560639499,AqBarrier_avg,0,0,0,AqBarrier_avg
191,RIVER_DENYS.BIG,9,0.560639499,urban_land_avg,8.165644733,31.99293284,31.99293284,urban_land_avg
192,RIVER_DENYS.BIG,9,0.560639499,clear_cut_avg,2.711281732,16.4190721,16.4190721,clear_cut_avg
193,RIVER_DENYS.BIG,9,0.560639499,agri_avg,3.643786578,10.76609326,10.76609326,agri_avg
194,RIVER_DENYS.BIG,9,0.560639499,Impv_avg,0.061555542,0.767728264,0.767728264,Impv_avg
195,RIVER_DENYS.BIG,9,0.560639499,N_Leach_avg,9.149340123,27.29069651,27.29069651,N_Leach_avg
196,RIVER_DENYS.BIG,9,0.560639499,P_Leach_avg,0,0,0,P_Leach_avg
197,RIVER_DENYS.BIG,9,0.560639499,pesticide_avg,3.33E-07,2.60E-05,2.60E-05,pesticide_avg
198,RIVER_DENYS.BIG,9,0.560639499,pollution_avg,0,0,0,pollution_avg
507,EAST_WEST...SHEET.HBR.,24,0.570943966,SARproportion,0.417240444,41.87974842,41.87974842,SARproportion
508,EAST_WEST...SHEET.HBR.,24,0.570943966,detections,1,8.333333333,8.333333333,detections
509,EAST_WEST...SHEET.HBR.,24,0.570943966,BoatLaunch,0,0,0,BoatLaunch
510,EAST_WEST...SHEET.HBR.,24,0.570943966,EBSAproportion,1,20,20,EBSAproportion
511,EAST_WEST...SHEET.HBR.,24,0.570943966,NSResproportion,2,40,40,NSResproportion
512,EAST_WEST...SHEET.HBR.,24,0.570943966,nativeFish,10,47.61904762,47.61904762,nativeFish
513,EAST_WEST...SHEET.HBR.,24,0.570943966,RecFishproportion,2,25,25,RecFishproportion
514,EAST_WEST...SHEET.HBR.,24,0.570943966,NSParksproportion,5,17.24137931,17.24137931,NSParksproportion
515,EAST_WEST...SHEET.HBR.,24,0.570943966,salmon_stat_avg,0.4,50,50,salmon_stat_avg
516,EAST_WEST...SHEET.HBR.,24,0.570943966,habitat_suitability_avg,0.870801181,87.53712425,87.53712425,habitat_suitability_avg
517,EAST_WEST...SHEET.HBR.,24,0.570943966,road_desnity_avg,1.505005,28.90142891,28.90142891,road_desnity_avg
518,EAST_WEST...SHEET.HBR.,24,0.570943966,Temp_Vel_avg,2.197927626,4.840209192,4.840209192,Temp_Vel_avg
519,EAST_WEST...SHEET.HBR.,24,0.570943966,X_stream_avg,0.26764154,14.89758714,14.89758714,X_stream_avg
520,EAST_WEST...SHEET.HBR.,24,0.570943966,AqBarrier_avg,0.016617881,3.081588346,3.081588346,AqBarrier_avg
521,EAST_WEST...SHEET.HBR.,24,0.570943966,urban_land_avg,4.174754035,11.64302103,11.64302103,urban_land_avg
522,EAST_WEST...SHEET.HBR.,24,0.570943966,clear_cut_avg,14.63296026,100,100,clear_cut_avg
523,EAST_WEST...SHEET.HBR.,24,0.570943966,agri_avg,0.037723574,0,0,agri_avg
524,EAST_WEST...SHEET.HBR.,24,0.570943966,Impv_avg,0.070099538,0.992858984,0.992858984,Impv_avg
525,EAST_WEST...SHEET.HBR.,24,0.570943966,N_Leach_avg,0.064892663,0.193562154,0.193562154,N_Leach_avg
526,EAST_WEST...SHEET.HBR.,24,0.570943966,P_Leach_avg,0.000110517,0.021297045,0.021297045,P_Leach_avg
527,EAST_WEST...SHEET.HBR.,24,0.570943966,pesticide_avg,0.000226598,0.017720528,0.017720528,pesticide_avg
528,EAST_WEST...SHEET.HBR.,24,0.570943966,pollution_avg,0,0,0,pollution_avg
903,EAST_MIDDLE.WEST..PICTOU.,42,0.616900326,SARproportion,0.417240444,41.87974842,41.87974842,SARproportion
904,EAST_MIDDLE.WEST..PICTOU.,42,0.616900326,detections,2,16.66666667,16.66666667,detections
905,EAST_MIDDLE.WEST..PICTOU.,42,0.616900326,BoatLaunch,0,0,0,BoatLaunch
906,EAST_MIDDLE.WEST..PICTOU.,42,0.616900326,EBSAproportion,0,0,0,EBSAproportion
907,EAST_MIDDLE.WEST..PICTOU.,42,0.616900326,NSResproportion,3,60,60,NSResproportion
908,EAST_MIDDLE.WEST..PICTOU.,42,0.616900326,nativeFish,16,76.19047619,76.19047619,nativeFish
909,EAST_MIDDLE.WEST..PICTOU.,42,0.616900326,RecFishproportion,2,25,25,RecFishproportion
910,EAST_MIDDLE.WEST..PICTOU.,42,0.616900326,NSParksproportion,4,13.79310345,13.79310345,NSParksproportion
911,EAST_MIDDLE.WEST..PICTOU.,42,0.616900326,salmon_stat_avg,0.561971831,70.24647887,70.24647887,salmon_stat_avg
912,EAST_MIDDLE.WEST..PICTOU.,42,0.616900326,habitat_suitability_avg,0.958141079,96.45718609,96.45718609,habitat_suitability_avg
913,EAST_MIDDLE.WEST..PICTOU.,42,0.616900326,road_desnity_avg,2.598200873,70.74758735,70.74758735,road_desnity_avg
914,EAST_MIDDLE.WEST..PICTOU.,42,0.616900326,Temp_Vel_avg,1.755077265,3.864977632,3.864977632,Temp_Vel_avg
915,EAST_MIDDLE.WEST..PICTOU.,42,0.616900326,X_stream_avg,0.67156108,55.94083591,55.94083591,X_stream_avg
916,EAST_MIDDLE.WEST..PICTOU.,42,0.616900326,AqBarrier_avg,0.018219735,3.378633035,3.378633035,AqBarrier_avg
917,EAST_MIDDLE.WEST..PICTOU.,42,0.616900326,urban_land_avg,12.67126195,54.9674816,54.9674816,urban_land_avg
918,EAST_MIDDLE.WEST..PICTOU.,42,0.616900326,clear_cut_avg,6.228067154,41.07467644,41.07467644,clear_cut_avg
919,EAST_MIDDLE.WEST..PICTOU.,42,0.616900326,agri_avg,9.349143747,27.79974112,27.79974112,agri_avg
920,EAST_MIDDLE.WEST..PICTOU.,42,0.616900326,Impv_avg,0.609058539,15.19420329,15.19420329,Impv_avg
921,EAST_MIDDLE.WEST..PICTOU.,42,0.616900326,N_Leach_avg,13.49629818,40.25682429,40.25682429,N_Leach_avg
922,EAST_MIDDLE.WEST..PICTOU.,42,0.616900326,P_Leach_avg,0.079924103,15.40165874,15.40165874,P_Leach_avg
923,EAST_MIDDLE.WEST..PICTOU.,42,0.616900326,pesticide_avg,0.083652936,6.541857075,6.541857075,pesticide_avg
924,EAST_MIDDLE.WEST..PICTOU.,42,0.616900326,pollution_avg,0.013006073,19.63210909,19.63210909,pollution_avg
133,SALMON_MIRA.1,7,0.626313487,SARproportion,0,0,0,SARproportion
134,SALMON_MIRA.1,7,0.626313487,detections,6,50,50,detections
135,SALMON_MIRA.1,7,0.626313487,BoatLaunch,1,50,50,BoatLaunch
136,SALMON_MIRA.1,7,0.626313487,EBSAproportion,5,100,100,EBSAproportion
137,SALMON_MIRA.1,7,0.626313487,NSResproportion,5,100,100,NSResproportion
138,SALMON_MIRA.1,7,0.626313487,nativeFish,18,85.71428571,85.71428571,nativeFish
139,SALMON_MIRA.1,7,0.626313487,RecFishproportion,2,25,25,RecFishproportion
140,SALMON_MIRA.1,7,0.626313487,NSParksproportion,7,24.13793103,24.13793103,NSParksproportion
141,SALMON_MIRA.1,7,0.626313487,salmon_stat_avg,0.4,50,50,salmon_stat_avg
142,SALMON_MIRA.1,7,0.626313487,habitat_suitability_avg,0.90922407,91.46127061,91.46127061,habitat_suitability_avg
143,SALMON_MIRA.1,7,0.626313487,road_desnity_avg,2.034828338,49.18239769,49.18239769,road_desnity_avg
144,SALMON_MIRA.1,7,0.626313487,Temp_Vel_avg,3.025521981,6.662712243,6.662712243,Temp_Vel_avg
145,SALMON_MIRA.1,7,0.626313487,X_stream_avg,0.654763887,54.23403211,54.23403211,X_stream_avg
146,SALMON_MIRA.1,7,0.626313487,AqBarrier_avg,0.018179434,3.371159794,3.371159794,AqBarrier_avg
147,SALMON_MIRA.1,7,0.626313487,urban_land_avg,9.300612077,37.78023374,37.78023374,urban_land_avg
148,SALMON_MIRA.1,7,0.626313487,clear_cut_avg,4.547742225,29.29419465,29.29419465,clear_cut_avg
149,SALMON_MIRA.1,7,0.626313487,agri_avg,2.139887342,6.276121951,6.276121951,agri_avg
150,SALMON_MIRA.1,7,0.626313487,Impv_avg,0.678838278,17.03287023,17.03287023,Impv_avg
151,SALMON_MIRA.1,7,0.626313487,N_Leach_avg,0.328500059,0.979851585,0.979851585,N_Leach_avg
152,SALMON_MIRA.1,7,0.626313487,P_Leach_avg,0,0,0,P_Leach_avg
153,SALMON_MIRA.1,7,0.626313487,pesticide_avg,0,0,0,pesticide_avg
154,SALMON_MIRA.1,7,0.626313487,pollution_avg,0.000286909,0.433076927,0.433076927,pollution_avg
705,HERRING_COVE.MEDWAY,33,0.688672889,SARproportion,0.996282116,100,100,SARproportion
706,HERRING_COVE.MEDWAY,33,0.688672889,detections,7,58.33333333,58.33333333,detections
707,HERRING_COVE.MEDWAY,33,0.688672889,BoatLaunch,0,0,0,BoatLaunch
708,HERRING_COVE.MEDWAY,33,0.688672889,EBSAproportion,2,40,40,EBSAproportion
709,HERRING_COVE.MEDWAY,33,0.688672889,NSResproportion,2,40,40,NSResproportion
710,HERRING_COVE.MEDWAY,33,0.688672889,nativeFish,19,90.47619048,90.47619048,nativeFish
711,HERRING_COVE.MEDWAY,33,0.688672889,RecFishproportion,3,50,50,RecFishproportion
712,HERRING_COVE.MEDWAY,33,0.688672889,NSParksproportion,27,93.10344828,93.10344828,NSParksproportion
713,HERRING_COVE.MEDWAY,33,0.688672889,salmon_stat_avg,0.4,50,50,salmon_stat_avg
714,HERRING_COVE.MEDWAY,33,0.688672889,habitat_suitability_avg,0.830553234,83.42658385,83.42658385,habitat_suitability_avg
715,HERRING_COVE.MEDWAY,33,0.688672889,road_desnity_avg,1.902593736,44.12062398,44.12062398,road_desnity_avg
716,HERRING_COVE.MEDWAY,33,0.688672889,Temp_Vel_avg,4.347068883,9.57298253,9.57298253,Temp_Vel_avg
717,HERRING_COVE.MEDWAY,33,0.688672889,X_stream_avg,0.25288022,13.39765344,13.39765344,X_stream_avg
718,HERRING_COVE.MEDWAY,33,0.688672889,AqBarrier_avg,0.023830689,4.419117661,4.419117661,AqBarrier_avg
719,HERRING_COVE.MEDWAY,33,0.688672889,urban_land_avg,6.698921139,24.51397688,24.51397688,urban_land_avg
720,HERRING_COVE.MEDWAY,33,0.688672889,clear_cut_avg,3.611025798,22.72702981,22.72702981,clear_cut_avg
721,HERRING_COVE.MEDWAY,33,0.688672889,agri_avg,2.613189829,7.689191748,7.689191748,agri_avg
722,HERRING_COVE.MEDWAY,33,0.688672889,Impv_avg,0.043808658,0.300105302,0.300105302,Impv_avg
723,HERRING_COVE.MEDWAY,33,0.688672889,N_Leach_avg,8.201554696,24.4636375,24.4636375,N_Leach_avg
724,HERRING_COVE.MEDWAY,33,0.688672889,P_Leach_avg,0,0,0,P_Leach_avg
725,HERRING_COVE.MEDWAY,33,0.688672889,pesticide_avg,0,0,0,pesticide_avg
726,HERRING_COVE.MEDWAY,33,0.688672889,pollution_avg,7.03E-06,0.010612396,0.010612396,pollution_avg
